"","HRUU1","HRUU10","HRUU11","HRUU12","HRUU13","HRUU14","HRUU15","HRUU16","HRUU17","HRUU18","HRUU19","HRUU2","HRUU20","HRUU21","HRUU22","HRUU23","HRUU24","HRUU25","HRUU26","HRUU3","HRUU4","HRUU5","HRUU6","HRUU7","HRUU8","HRUU9","Domain","Phylum","Class","Order","Family"
"0319-6G20",0,0,0,0,0,0,0.000366338706301026,0,0.000352050695300123,0.000335420393559928,0,0,0,0,0,0,0,0,0,0,0,0,0,0,0.000310501148854251,0,"Bacteria","Bdellovibrionota","Oligoflexia","0319-6G20","0319-6G20"
"11-24",0.00800970873786408,0.0101530937699341,0.00704321476345172,0.0106684571769621,0.0107142857142857,0.0134264555361551,0.00334938245760938,0.00674807197943445,0.0129672006102212,0.00737924865831843,0.0193220565621448,0.00774647887323944,0.023217951440504,0.00998242530755712,0.0250079948832747,0.0272287786151002,0.0133278654910806,0,0,0,0,0,0,0.0140168864852933,0.00465751723281376,0.00824112494236976,"Bacteria","Acidobacteriota","Blastocatellia","11-24","11-24"
"67-14",0.000161812297734628,0,0,0,0,0,0,0,0,0,0,0,0,0,0,0,0,0.000202872677107847,0,0,0,0.000584538944907204,0,0,0,0,"Bacteria","Actinobacteriota","Thermoleophilia","Solirubrobacterales","67-14"
"A0839",0.000161812297734628,0.000584733149053795,0.000791679178837597,0.00164130110414802,0.000943396226415094,0.00102354145342886,0.00183169353150513,0.00122107969151671,0.000410725811183477,0,0.00080229992645584,0.000448143405889885,0.00276067105542578,0.00119507908611599,0.00185481291973137,0.00270154983648514,0.00179413573918392,0.000243447212529417,0.000253893026404875,0,0,0,0,0.00126924562662105,0.00117990436564615,0.00155601659751037,"Bacteria","Proteobacteria","Alphaproteobacteria","Rhizobiales","A0839"
"A21b",0,0,0,0,0,0,0,0,0,0,0,0,0,0,0,0,0,0,0,0,0,0,0.000363901018922853,0,0,0,"Bacteria","Proteobacteria","Gammaproteobacteria","Burkholderiales","A21b"
"A4b",0.00107874865156419,0.00438549861790347,0.00292102317709044,0.00656520441659206,0.00168463611859838,0.0101149978927088,0.0109901611890308,0.0100899742930591,0.0138473273484715,0.00978309481216458,0.00361034966905128,0.00198463508322663,0.00764493523040985,0.00471001757469244,0.0017268947873361,0.00170624200199062,0.00738158704121386,0,0,0,0,0,0,0.00579438220848739,0,0.00242047026279391,"Bacteria","Chloroflexi","Anaerolineae","SBR1031","A4b"
"Acetobacteraceae",0.00798274002157497,0.00845205188177759,0.0045589800988234,0.0117875261116085,0.0108490566037736,0.0132458305737853,0.0173749214988487,0.0213367609254499,0.0203015900956404,0.0224731663685152,0.0157785652202982,0.0115236875800256,0.0125291994053939,0.00934973637961336,0.00748321074512312,0.0100241717616949,0.0103547262661472,0,0.000380839539607312,0.000114060851464256,0,0,0,0.00838805805419127,0.00788672918089797,0.0123905025357308,"Bacteria","Proteobacteria","Alphaproteobacteria","Acetobacterales","Acetobacteraceae"
"Acidobacteriae",0,0,0,0,0.0045822102425876,0.00397374917213559,0,0,0,0.00134168157423971,0,0,0,0,0,0,0,0,0,0,0,0,0.000303250849102377,0,0,0,"Bacteria","Acidobacteriota","Acidobacteriae","Acidobacteriae","Acidobacteriae"
"Actinomycetaceae",0,0,0,0,0,0,0,0,0,0,0.000936016580865147,0,0,0,0,0,0,0,0,0,0,0,0,0,0,0,"Bacteria","Actinobacteriota","Actinobacteria","Actinomycetales","Actinomycetaceae"
"Aerococcaceae",0,0,0,0,0,0,0,0,0,0,0,0,0,0,0,0,0,0,0,0,0,0,0,0,0,0,"Bacteria","Firmicutes","Bacilli","Lactobacillales","Aerococcaceae"
"AKIW659",0,0,0,0,0,0,0,0,0,0,0,0,0,0,0,0.000426560500497654,0,0,0,0,0,0,0,0.000386292147232493,0,0,"Bacteria","Acidobacteriota","Acidobacteriae","AKIW659","AKIW659"
"Alcaligenaceae",0.0118932038834951,0.0011163087391027,0.000682482050722066,0.00156669650850492,0,0.00222770786922753,0.00204102993510571,0,0.00134952766531714,0,0.0020057498161396,0.00781049935979513,0.00226516599419551,0.00189806678383128,0.00140709945634794,0.00170624200199062,0.000973959401271273,0.0049095187860099,0.00516249153689912,0.0282585759502695,0.0192066281697213,0.0103755662721029,0.0129184861717613,0.00176590695877711,0.00204930758243806,0.00190179806362379,"Bacteria","Proteobacteria","Gammaproteobacteria","Burkholderiales","Alcaligenaceae"
"Anaerolineaceae",0,0,0,0,0,0,0,0,0,0,0,0,0,0,0,0,0,0.000243447212529417,0,0,0,0.000511471576793804,0,0,0,0,"Bacteria","Chloroflexi","Anaerolineae","Anaerolineales","Anaerolineaceae"
"Anaerolineae",0.000943905070118662,0.00103657240059536,0.00232043897245502,0.00343181139958221,0.0043800539083558,0.00427479077608525,0.00251203684320703,0.00282776349614396,0.00146687789708385,0.000838550983899821,0,0.00256081946222791,0.0021943795568769,0.00302284710017575,0,0.00106640125124413,0.00358827147836785,0,0,0,0,0,0,0.00231775288339496,0.00546482021983481,0.00213231904103273,"Bacteria","Chloroflexi","Anaerolineae","Anaerolineae","Anaerolineae"
"Anaeromyxobacteraceae",0,0,0,0,0,0,0,0,0,0,0,0,0,0,0,0,0,0.000202872677107847,0,0,0,0,0,0,0,0,"Bacteria","Myxococcota","Myxococcia","Myxococcales","Anaeromyxobacteraceae"
"Anaerovoracaceae",0,0,0,0,0,0,0,0,0,0,0,0,0,0,0,0,0,0,0,0,0,0,0,0,0,0,"Bacteria","Firmicutes","Clostridia","Peptostreptococcales-Tissierellales","Anaerovoracaceae"
"Armatimonadaceae",0.00242718446601942,0.00191367212417606,0,0,0.00154986522911051,0.00301041603949666,0.000837345614402345,0.00089974293059126,0.00580883647245203,0.00547853309481216,0.00274119141539079,0.00224071702944942,0.00339774899129327,0.000421792618629174,0.000639590661976335,0.000924214417744917,0,0.000973788850117666,0.00131178063642519,0,0,0,0,0.00182109155123889,0,0.00259336099585062,"Bacteria","Armatimonadota","Armatimonadia","Armatimonadales","Armatimonadaceae"
"Armatimonadales",0.00194174757281553,0.00162130554964916,0,0,0,0.00258895779396713,0.00109901611890308,0,0.00528076042950185,0.00575805008944544,0.00147088319850237,0.00550576184379001,0.00184044737028385,0.00133567662565905,0.0013431403901503,0.00149296175174179,0.0011277424646299,0,0,0,0,0,0,0.00148998399646819,0.00130410482518785,0.00409174734900876,"Bacteria","Armatimonadota","Armatimonadia","Armatimonadales","Armatimonadales"
"B1-7BS",0.0017529665587918,0.00353497767382522,0.0026753296388305,0.00686362279916443,0.0057277628032345,0.00252874947317719,0.00471006908101319,0.00764781491002571,0.0068649885583524,0.00777057245080501,0.00080229992645584,0.00396927016645326,0.00318538967933744,0.0043585237258348,0.00364566677326511,0.00504763258922224,0.000768915316793111,0.000284021747950986,0,0,0,0,0,0.00463550576678991,0.00360181332670931,0.00553250345781466,"Bacteria","Proteobacteria","Gammaproteobacteria","Burkholderiales","B1-7BS"
"Bacillaceae",0,0,0,0,0,0,0.000261670504500733,0,0,0,0,0,0,0,0,0,0,0,0,0,0,0.000511471576793804,0,0,0,0,"Bacteria","Firmicutes","Bacilli","Bacillales","Bacillaceae"
"Bacteriovoracaceae",0,0,0,0,0,0,0,0,0,0,0,0,0,0,0,0,0,0,0,0,0,0.000365336840567003,0.000424551188743328,0,0,0,"Bacteria","Bdellovibrionota","Bdellovibrionia","Bacteriovoracales","Bacteriovoracaceae"
"Bacteroidetes_vadinHA17",0,0,0,0,0,0,0,0,0,0,0,0,0,0,0,0,0,0,0.000253893026404875,0,0,0,0,0,0,0,"Bacteria","Bacteroidota","Bacteroidia","Bacteroidales","Bacteroidetes_vadinHA17"
"BD72BR169",0.000134843581445523,0,0,0,0.000336927223719677,0,0,0,0.000469400927066831,0,0,0,0.000495505061230268,0.00070298769771529,0,0.000497653917247263,0,0,0,0,0,0,0,0,0.000434701608395951,0,"Bacteria","Proteobacteria","Gammaproteobacteria","BD72BR169","BD72BR169"
"Bdellovibrionaceae",0,0,0,0,0,0,0,0.00038560411311054,0,0,0.000334291636023267,0.000448143405889885,0.000637077935867488,0,0,0.000355467083748045,0,0,0.000253893026404875,0,0,0,0,0,0,0,"Bacteria","Bdellovibrionota","Bdellovibrionia","Bdellovibrionales","Bdellovibrionaceae"
"Beijerinckiaceae",0.00701186623516721,0.00677758877312354,0.00545985640577653,0.0151447329155476,0.0127358490566038,0.00650249864531278,0.00434373037471216,0.00732647814910026,0.00663028809481899,0.0152057245080501,0.00648525773885137,0.0108834827144686,0.00516740992425851,0.00738137082601054,0.00626798848736808,0.0047632589222238,0.00543366823867131,0.0105493792096081,0.0116367637102234,0.0029370669252046,0.0052096409741401,0.0116177115300307,0.0166787967006308,0.00656696650295238,0.00714152642364777,0.0055901337021669,"Bacteria","Proteobacteria","Alphaproteobacteria","Rhizobiales","Beijerinckiaceae"
"Bifidobacteriaceae",0,0,0,0,0,0,0,0,0,0,0,0,0,0,0,0,0,0.000405745354215694,0,0,0,0,0,0,0,0,"Bacteria","Actinobacteriota","Actinobacteria","Bifidobacteriales","Bifidobacteriaceae"
"Blastocatellaceae",0.0447141316073355,0.0184722517541994,0.026043515055554,0.0681139958221426,0.0334905660377358,0.027936660846529,0.0348545111994976,0.0260925449871465,0,0.000559033989266547,0.00768870762853513,0.0170294494238156,0.0146527925249522,0.0491388400702988,0.0535976974736169,0.0465661879709939,0.0231187205249129,0,0,0,0,0,0,0.0340488935489211,0.0339067254548842,0.033944213923467,"Bacteria","Acidobacteriota","Blastocatellia","Blastocatellales","Blastocatellaceae"
"Blfdi19",0,0,0,0,0,0,0.000418672807201172,0,0.000293375579416769,0,0,0,0,0,0,0,0,0,0,0,0,0,0,0,0,0,"Bacteria","Myxococcota","Polyangia","Blfdi19","Blfdi19"
"Bryobacteraceae",0.0230582524271845,0.0836168403146928,0.0847096721356228,0.0440913160250671,0.0398247978436658,0.076584984044795,0.0679296629683902,0.0832262210796915,0.071290265798275,0.0731775491949911,0.0748144681420071,0.0465428937259923,0.0724853118142564,0.0447100175746924,0.0868564118963863,0.0873027157685198,0.0709452532294443,0,0,0,0,0,0,0.0790795209977374,0.0681239520586226,0.0593591516828031,"Bacteria","Acidobacteriota","Acidobacteriae","Bryobacterales","Bryobacteraceae"
"Burkholderiaceae",0.0267799352750809,0.00154156921114182,0.000327591384346592,0.000671441360787825,0.00309973045822102,0,0.00324471425580909,0.00327763496143959,0.00445930880713489,0.00324239713774597,0.00140402487129772,0.0133162612035851,0.0014865151836908,0,0,0,0,0.0246287430008926,0.023231211916046,0.154352847244005,0.327328646748682,0.0256466462078036,0.044517224648229,0.00320070636278351,0.00434701608395951,0.00247810050714615,"Bacteria","Proteobacteria","Gammaproteobacteria","Burkholderiales","Burkholderiaceae"
"Caldilineaceae",0,0.000212630236019562,0,0,0.000336927223719677,0,0,0.0006426735218509,0,0,0.00167145818011633,0,0.00134494230905359,0,0,0,0.000358827147836785,0,0,0,0,0,0,0.00082776888692677,0.000372601378625101,0.000518672199170124,"Bacteria","Chloroflexi","Anaerolineae","Caldilineales","Caldilineaceae"
"Candidatus_Yanofskybacteria",0,0,0,0,0,0,0,0,0,0,0,0,0,0,0,0,0,0,0,0,0.000690434345970374,0,0,0,0,0,"Bacteria","Patescibacteria","Parcubacteria","Candidatus_Yanofskybacteria","Candidatus_Yanofskybacteria"
"Candidatus_Zambryskibacteria",0.000269687162891046,0,0,0,0,0,0,0,0,0,0,0.000768245838668374,0,0,0,0,0,0,0,0.00108357808891043,0.000439367311072056,0.000511471576793804,0.000485201358563804,0,0,0,"Bacteria","Patescibacteria","Parcubacteria","Candidatus_Zambryskibacteria","Candidatus_Zambryskibacteria"
"Catellicoccaceae",0,0,0,0,0,0,0,0,0,0,0,0,0,0,0,0,0,0.000284021747950986,0,0,0,0,0,0,0,0,"Bacteria","Firmicutes","Bacilli","Lactobacillales","Catellicoccaceae"
"Caulobacteraceae",0.000431499460625674,0,0,0,0,0,0.000680343311701905,0.00057840616966581,0.00422460834360148,0.00240384615384615,0,0.00115236875800256,0.000353932186593049,0,0,0,0,0.00231274851902946,0.00228503723764387,0.000684365108785537,0.00131810193321617,0.00752593891568026,0.00824842309558467,0.000275922962308923,0.000931503446562752,0,"Bacteria","Proteobacteria","Alphaproteobacteria","Caulobacterales","Caulobacteraceae"
"CCD24",0.000134843581445523,0.000691048267063576,0,0.00261116084750821,0.00121293800539084,0.00186645794448793,0.00167469122880469,0.00237789203084833,0.00575016135656868,0.00441636851520572,0.00508123286755365,0,0.00453033198839102,0.00210896309314587,0.0017268947873361,0.0023460827527371,0,0,0,0,0,0,0,0,0.000496801838166801,0.000403411710465652,"Bacteria","Proteobacteria","Gammaproteobacteria","CCD24","CCD24"
"Cellvibrionaceae",0,0,0,0,0,0,0,0,0,0,0,0,0,0,0,0,0,0.000324596283372555,0.000296208530805687,0,0,0.000438404208680403,0.000667151868025231,0,0,0,"Bacteria","Proteobacteria","Gammaproteobacteria","Pseudomonadales","Cellvibrionaceae"
"Chitinibacteraceae",0.00129449838187702,0,0,0,0,0,0,0,0,0,0,0.000960307298335467,0,0,0,0,0,0.000243447212529417,0.000719363574813812,0.000998032450312242,0.00112980165704243,0,0,0,0,0,"Bacteria","Proteobacteria","Gammaproteobacteria","Burkholderiales","Chitinibacteraceae"
"Chitinophagaceae",0.049730312837109,0.0498883691260897,0.0696131691736507,0.0193971948672038,0.0238544474393531,0.0104160394966584,0.0384655641616077,0.0397172236503856,0.0232940210056915,0.0253242397137746,0.00942702413585612,0.0399487836107554,0.0115381892829334,0.0199648506151142,0.0255196674128558,0.0342670268733115,0.0266044699610416,0.0126592550515297,0.0124830737982397,0.045852462288631,0.0411122269645995,0.0244775683179892,0.0220766618146531,0.0205286683957839,0.0275725020182575,0.0266828031350853,"Bacteria","Bacteroidota","Bacteroidia","Chitinophagales","Chitinophagaceae"
"Chloroplast",0,0,0,0,0,0,0,0,0,0,0,0.000768245838668374,0,0,0,0,0,0.013470745759961,0.016926201760325,0.000598819470187345,0.000627667587245795,0.026085050416484,0.00515526443474042,0,0,0,"Bacteria","Cyanobacteria","Cyanobacteriia","Chloroplast","Chloroplast"
"Chthoniobacteraceae",0.00571736785329018,0.016771209866043,0.00384919876607245,0.00298418382572366,0.0190700808625337,0.00794749834427118,0.0216139836717605,0.0159383033419023,0.000645426274716893,0,0.0341646052015779,0.00480153649167734,0.0404898421462448,0,0.000511672529581068,0.000639840750746481,0.0055361902809104,0.002921366550353,0.00241198375084631,0,0,0.00226508841151542,0.00127365356622999,0.00546327465371668,0.0170154629572129,0.0273167358229599,"Bacteria","Verrucomicrobiota","Verrucomicrobiae","Chthoniobacterales","Chthoniobacteraceae"
"Chthonomonadaceae",0.00663430420711974,0.00358813523283011,0.00163795692173296,0.0052969262906595,0.00923180592991914,0.010777289421398,0.00785011513502198,0.00816195372750643,0.00704101390600246,0.0101185152057245,0.00554924115798623,0.0160051216389245,0.00714943016917959,0.0135676625659051,0.00914614646626159,0.0103085454286933,0.0112261636251794,0,0,0,0,0,0,0.0185972076596214,0.0144693535366081,0.012217611802674,"Bacteria","Armatimonadota","Chthonomonadetes","Chthonomonadales","Chthonomonadaceae"
"Chthonomonadales",0.00266990291262136,0.000159472677014671,0.000191094974202178,0.000969859743360191,0,0.000481666566319465,0.000942013816202638,0,0,0.000670840787119857,0.00260747476098148,0.00710627400768246,0.00205280668223968,0.00274165202108963,0.00179085385353374,0.000426560500497654,0.00102522042239081,0,0,0,0,0,0,0.00126924562662105,0.0013662050549587,0.000403411710465652,"Bacteria","Armatimonadota","Chthonomonadetes","Chthonomonadales","Chthonomonadales"
"Clade_III",0,0,0,0,0,0,0,0,0,0,0,0,0,0,0,0,0,0,0,0.00245230830648151,0.00583730856138589,0.000657606313020605,0,0,0,0,"Bacteria","Proteobacteria","Alphaproteobacteria","SAR11_clade","Clade_III"
"Clostridiaceae",0,0,0,0,0,0,0,0,0,0,0,0,0,0,0,0,0,0.000608618031323541,0.000465470548408937,0,0,0,0.000970402717127608,0,0,0,"Bacteria","Firmicutes","Clostridia","Clostridiales","Clostridiaceae"
"Comamonadaceae",0.0707389428263215,0.00725600680416755,0.00529606071360323,0.00932557445538645,0.0115229110512129,0.0138479137816846,0.0122461796106343,0.017159383033419,0.0121457489878543,0.0101185152057245,0.00936016580865147,0.0608834827144686,0.0115381892829334,0.010896309314587,0.00332587144227694,0.00547419308971989,0.0120976009842116,0.198368903676053,0.198840555179418,0.224500270894522,0.145807180517198,0.131959666812801,0.162481804949054,0.0113128414546659,0.0153387567534,0.00570539419087137,"Bacteria","Proteobacteria","Gammaproteobacteria","Burkholderiales","Comamonadaceae"
"Competibacteraceae",0,0,0,0,0,0,0,0,0,0,0,0,0,0,0,0,0,0.000324596283372555,0,0,0,0.000584538944907204,0.000363901018922853,0,0,0,"Bacteria","Proteobacteria","Gammaproteobacteria","Competibacterales","Competibacteraceae"
"Coriobacteriaceae",0,0,0,0,0,0,0,0,0,0,0,0,0,0,0,0,0,0,0,0,0,0,0.000424551188743328,0,0,0,"Bacteria","Actinobacteriota","Coriobacteriia","Coriobacteriales","Coriobacteriaceae"
"Corynebacteriaceae",0,0,0,0,0,0,0,0,0,0,0,0,0,0,0,0,0,0.000324596283372555,0.000296208530805687,0,0,0,0,0,0,0,"Bacteria","Actinobacteriota","Actinobacteria","Corynebacteriales","Corynebacteriaceae"
"Coxiellaceae",0,0,0,0,0,0,0,0,0.000469400927066831,0.000279516994633274,0,0,0,0,0,0,0,0,0,0,0,0,0,0,0,0,"Bacteria","Proteobacteria","Gammaproteobacteria","Coxiellales","Coxiellaceae"
"Crocinitomicaceae",0,0.000132893897512226,0,0,0,0,0,0,0,0,0.000735441599251187,0.000640204865556978,0,0,0,0,0,0.00275906840866672,0.003385240352065,0.000256636915794576,0,0.00431097471869063,0.0061863173216885,0,0,0,"Bacteria","Bacteroidota","Bacteroidia","Flavobacteriales","Crocinitomicaceae"
"cvE6",0,0,0,0,0,0,0,0,0,0,0,0.000640204865556978,0,0,0,0,0,0.00109551245638237,0.002031144211239,0,0,0.000584538944907204,0.00115235322658903,0,0,0,"Bacteria","Verrucomicrobiota","Chlamydiae","Chlamydiales","cvE6"
"Cyanobacteriaceae",0,0,0,0,0,0,0,0,0,0,0,0.00102432778489117,0,0,0,0,0,0.000608618031323541,0.000211577522004062,0,0,0,0,0,0,0,"Bacteria","Cyanobacteria","Cyanobacteriia","Cyanobacteriales","Cyanobacteriaceae"
"Cyanobiaceae",0,0,0,0,0,0,0,0,0,0,0,0,0,0,0,0,0,0,0,0,0,0,0.000970402717127608,0,0,0,"Bacteria","Cyanobacteria","Cyanobacteriia","Synechococcales","Cyanobiaceae"
"Cyclobacteriaceae",0.00040453074433657,0,0,0,0,0,0,0,0,0,0,0.00134443021766965,0,0,0,0,0,0.000202872677107847,0,0.000399212980124897,0.00138086869194075,0,0.00175885492479379,0,0,0,"Bacteria","Bacteroidota","Bacteroidia","Cytophagales","Cyclobacteriaceae"
"Deinococcaceae",0.00374865156418554,0.0214224962789709,0.0110289099396686,0,0.00283018867924528,0,0.0177935943060498,0.00976863753213368,0,0.0136963327370304,0.00040114996322792,0.00614596670934699,0,0,0,0,0.00625384457658397,0,0,0,0,0,0,0.00849842723911484,0.0103086381419611,0.0106039649608114,"Bacteria","Deinococcota","Deinococci","Deinococcales","Deinococcaceae"
"Desulfatiglandaceae",0,0,0,0,0,0,0,0,0,0,0,0,0,0,0,0,0,0.000243447212529417,0,0,0,0,0,0,0,0,"Bacteria","Desulfobacterota","Desulfobacteria","Desulfatiglandales","Desulfatiglandaceae"
"Desulfosarcinaceae",0,0,0,0,0,0,0,0,0,0,0,0,0,0,0,0,0,0,0,0,0,0,0.000545851528384279,0,0,0,"Bacteria","Desulfobacterota","Desulfobacteria","Desulfobacterales","Desulfosarcinaceae"
"Devosiaceae",0,0,0,0,0,0,0,0,0,0,0,0,0,0,0,0,0,0.00113608699180394,0.000846310088016249,0,0,0,0.000909752547307132,0,0,0,"Bacteria","Proteobacteria","Alphaproteobacteria","Rhizobiales","Devosiaceae"
"Diplorickettsiaceae",0.00269687162891046,0.00353497767382522,0.00106467199912642,0.00104446433900328,0.00309973045822102,0.00367270756818592,0.000261670504500733,0.00218508997429306,0.00205362905591739,0.000894454382826476,0.00180517483452564,0.00326504481434059,0.00184044737028385,0.00667838312829526,0.00268628078030061,0.000995307834494526,0.00527988517531269,0.00535583867564716,0.00550101557210562,0.000313667341526704,0.00144363545066533,0.0116177115300307,0.0131004366812227,0.00303515258539816,0.00515431907098056,0.00374596588289534,"Bacteria","Proteobacteria","Gammaproteobacteria","Diplorickettsiales","Diplorickettsiaceae"
"Dongiaceae",0,0,0,0,0,0,0,0,0,0,0,0,0,0,0,0,0,0,0.000211577522004062,0,0,0,0,0,0,0,"Bacteria","Proteobacteria","Alphaproteobacteria","Dongiales","Dongiaceae"
"Elev-16S-1166",0.00817152103559871,0.0380608122475016,0.0406213316589774,0.00208892867800657,0.0133423180592992,0.012583539045096,0.00847812434582374,0.0115038560411311,0.00880126738250308,0.00832960644007156,0.0488065788593969,0.0107554417413572,0.04225950307921,0.000632688927943761,0.0197633514550688,0.0183421015213991,0.0127639942587656,0,0,0,0,0,0,0.0125820870812869,0.00707942619387692,0.00720378054402951,"Bacteria","Acidobacteriota","Acidobacteriae","Elev-16S-1166","Elev-16S-1166"
"env.OPS_17",0.00304746494066882,0.000398681692536679,0,0.00044762757385855,0,0.000481666566319465,0,0.00077120822622108,0.00111482720178372,0.0012298747763864,0.00521494952196296,0.0057618437900128,0.000991010122460537,0.00119507908611599,0.000511672529581068,0.000782027584245699,0,0.00263734480240201,0.00181956668923494,0,0.00138086869194075,0.0153441473038141,0.00970402717127608,0.000441476739694277,0.000807302987021052,0,"Bacteria","Bacteroidota","Bacteroidia","Sphingobacteriales","env.OPS_17"
"Erysipelotrichaceae",0,0,0,0,0,0,0,0,0,0,0,0,0,0,0,0,0,0,0,0,0,0,0.00133430373605046,0,0,0,"Bacteria","Firmicutes","Bacilli","Erysipelotrichales","Erysipelotrichaceae"
"Fimbriimonadaceae",0.000970873786407767,0.000345524133531788,0,0.000373022978215458,0.000404312668463612,0,0,0.00109254498714653,0.00598486182010209,0.00503130590339893,0.0010028749080698,0.00345710627400768,0.00191123380760246,0.000421792618629174,0,0.000355467083748045,0,0,0,0,0,0,0,0,0.000310501148854251,0.000749193176579069,"Bacteria","Armatimonadota","Fimbriimonadia","Fimbriimonadales","Fimbriimonadaceae"
"Flavobacteriaceae",0.00194174757281553,0,0,0,0,0,0,0,0,0,0,0.00345710627400768,0,0,0,0,0,0.0092915686115394,0.00947867298578199,0.065898656933474,0.0303791112226965,0.0428905450825661,0.0394226103833091,0,0,0,"Bacteria","Bacteroidota","Bacteroidia","Flavobacteriales","Flavobacteriaceae"
"Fokiniaceae",0,0,0,0,0,0,0,0,0,0,0.00060172494484188,0,0,0,0,0,0,0,0,0,0,0,0,0,0,0,"Bacteria","Proteobacteria","Alphaproteobacteria","Rickettsiales","Fokiniaceae"
"Frankiales",0,0,0,0,0,0,0,0,0,0,0,0,0,0,0,0,0,0.000608618031323541,0,0,0,0.00241122314774222,0,0,0,0,"Bacteria","Actinobacteriota","Actinobacteria","Frankiales","Frankiales"
"Ga0077536",0,0.000132893897512226,0.000436788512462122,0,0,0,0,0.00077120822622108,0,0,0.00120344988968376,0.000640204865556978,0.0014865151836908,0,0.000767508794371602,0,0,0,0,0,0,0,0,0,0.000496801838166801,0.000691562932226833,"Bacteria","Proteobacteria","Gammaproteobacteria","Ga0077536","Ga0077536"
"Gaiellaceae",0,0.000132893897512226,0,0,0.000471698113207547,0.000541874887109399,0,0,0,0,0,0,0.000637077935867488,0,0,0,0,0,0.000550101557210562,0,0,0,0.00109170305676856,0.000717399702003201,0,0,"Bacteria","Actinobacteriota","Thermoleophilia","Gaiellales","Gaiellaceae"
"Gallionellaceae",0,0,0,0,0,0,0,0,0,0,0,0,0,0,0,0,0,0.00332711190456869,0.00279282329045362,0,0.000439367311072056,0,0.00121300339640951,0,0,0,"Bacteria","Proteobacteria","Gammaproteobacteria","Burkholderiales","Gallionellaceae"
"Gemellaceae",0,0,0,0,0,0,0,0,0,0,0,0,0,0,0,0,0,0,0,0,0,0,0,0,0,0,"Bacteria","Firmicutes","Bacilli","Staphylococcales","Gemellaceae"
"Gemmataceae",0.0895631067961165,0.0510046778651924,0.0342060003821899,0.0828111011638317,0.117722371967655,0.0989222710578602,0.110215616495709,0.0895244215938303,0.100158422812885,0.0881037567084079,0.0825700340977469,0.0925096030729834,0.109365045657252,0.112126537785589,0.0704828909497921,0.0858097540167781,0.0885790444945663,0.00259677026698044,0.002708192281652,0,0,0.00350723366944323,0.00333575934012615,0.114066552618509,0.11320871887226,0.136871830336561,"Bacteria","Planctomycetota","Planctomycetes","Gemmatales","Gemmataceae"
"Gemmatimonadaceae",0.00210355987055016,0.00563470125451839,0.00464087794491005,0.00559534467323187,0.00633423180592992,0.00614124872057318,0.00533807829181495,0.0012853470437018,0.00434195857536819,0.00167710196779964,0.00340977468743732,0.00454545454545455,0.0021943795568769,0.00773286467486819,0.00921010553245923,0.00774918242570738,0.00620258355546442,0.0010549379209608,0.000803994583615437,0,0,0.00131521262604121,0.000424551188743328,0.00402847524971028,0.00683102527479352,0.00726141078838174,"Bacteria","Gemmatimonadota","Gemmatimonadetes","Gemmatimonadales","Gemmatimonadaceae"
"Geobacteraceae",0,0,0,0,0,0,0,0,0,0,0,0,0,0,0,0,0,0,0,0,0,0,0.000303250849102377,0,0,0,"Bacteria","Desulfobacterota","Desulfuromonadia","Geobacterales","Geobacteraceae"
"GW2011_GWC1_47_15",0,0,0,0,0,0,0,0,0,0,0,0,0,0,0,0,0,0,0,0,0.000439367311072056,0,0,0,0,0,"Archaea","Nanoarchaeota","Nanoarchaeia","Woesearchaeales","GW2011_GWC1_47_15"
"Haliangiaceae",0.000161812297734628,0.000398681692536679,0.000436788512462122,0,0.00121293800539084,0.000421458245529532,0,0.00089974293059126,0.000293375579416769,0,0.00588353279400949,0.000384122919334187,0.00184044737028385,0.00070298769771529,0.0013431403901503,0,0.00071765429567357,0,0,0,0,0,0,0.000331107554770708,0.000496801838166801,0.000345781466113416,"Bacteria","Myxococcota","Polyangia","Haliangiales","Haliangiaceae"
"Halieaceae",0,0,0,0,0,0,0,0,0,0,0,0,0,0,0,0,0,0.00129838513349022,0,0,0,0,0,0,0,0,"Bacteria","Proteobacteria","Gammaproteobacteria","Pseudomonadales","Halieaceae"
"Holophagaceae",0.000215749730312837,0.000159472677014671,0.000136496410144413,0.00044762757385855,0,0,0.000314004605400879,0.00077120822622108,0.000352050695300123,0.000782647584973166,0,0,0.000920223685141927,0,0,0,0,0,0,0,0,0,0,0,0,0.000345781466113416,"Bacteria","Acidobacteriota","Holophagae","Holophagales","Holophagaceae"
"Holosporaceae",0,0.000611311928556241,0.000846277742895362,0.00216353327364966,0.00168463611859838,0,0.000314004605400879,0,0.000645426274716893,0,0.00254061643377683,0.000704225352112676,0.00162808805832802,0.000492091388400703,0.000767508794371602,0.00213280250248827,0.00102522042239081,0.000608618031323541,0,0,0,0.000365336840567003,0,0.00121406103415926,0.000807302987021052,0,"Bacteria","Proteobacteria","Alphaproteobacteria","Holosporales","Holosporaceae"
"Hyphomicrobiaceae",0.0509978425026969,0.0591377843929407,0.0609319974884661,0.0862429125634139,0.0830862533692722,0.0733337347221386,0.0722733933431024,0.0624035989717224,0.0550959338144693,0.0589221824686941,0.0378418131978338,0.0546734955185659,0.0505415162454874,0.100175746924429,0.0661336744483531,0.0521114744774634,0.0797108878408858,0.00158240688144121,0.000803994583615437,0,0.000878734622144112,0.00124214525792781,0.000303250849102377,0.0714088626455494,0.0635285350555797,0.0643153526970954,"Bacteria","Proteobacteria","Alphaproteobacteria","Rhizobiales","Hyphomicrobiaceae"
"Hyphomonadaceae",0.000431499460625674,0.00244524771422496,0.0025115339466572,0.00298418382572366,0.0045822102425876,0.00409416581371546,0.00455306677831275,0.00347043701799486,0.00868391715073637,0.00855322003577818,0.00808985759176305,0.00268886043533931,0.00991010122460536,0.00611599297012302,0.00511672529581068,0.00369685767097967,0.0030244002460529,0.000243447212529417,0.00110020311442112,0,0,0,0.000485201358563804,0.00342144473263065,0.00329131217785506,0.00403411710465652,"Bacteria","Proteobacteria","Alphaproteobacteria","Caulobacterales","Hyphomonadaceae"
"Iamiaceae",0,0,0,0,0,0,0,0,0,0,0,0,0,0,0,0,0,0,0,0,0,0.000876808417360807,0,0,0,0,"Bacteria","Actinobacteriota","Acidimicrobiia","Microtrichales","Iamiaceae"
"Ilumatobacteraceae",0.0132686084142395,0.0236551137571763,0.0221124184433949,0.0108176663682483,0.00768194070080863,0.0172797880667108,0.0220326564789617,0.0129820051413882,0.0175438596491228,0.0300201252236136,0.019856923179782,0.0119718309859155,0.0179797550789269,0.00513181019332162,0.00952990086344739,0.00639840750746481,0.0161984826737749,0.00949444128864724,0.0126946513202437,0.000912486811714049,0.00219683655536028,0.0135905304690925,0.0110383309073265,0.018707576844545,0.0158976588213376,0.0199976947902259,"Bacteria","Actinobacteriota","Acidimicrobiia","Microtrichales","Ilumatobacteraceae"
"IMCC26256",0.00102481121898598,0.00356155645332766,0.00278452676694603,0.00589376305580424,0.00505390835579515,0.00445541573845505,0.00591375340171656,0.00623393316195373,0.00140820278120049,0.000447227191413238,0.00574981613960019,0.00217669654289373,0.00637077935867488,0.00646748681898067,0.00422129836904381,0.00291483008673397,0.00630510559770351,0.000405745354215694,0.00050778605280975,0,0,0.00109601052170101,0,0.00535290546879311,0.00372601378625101,0.00547487321346242,"Bacteria","Actinobacteriota","Acidimicrobiia","IMCC26256","IMCC26256"
"Intrasporangiaceae",0,0,0,0,0,0,0,0,0,0,0,0,0,0,0,0,0,0.000486894425058833,0,0,0,0,0,0,0,0,"Bacteria","Actinobacteriota","Actinobacteria","Micrococcales","Intrasporangiaceae"
"Isosphaeraceae",0.0215210355987055,0.00826600042526047,0.00887226665938686,0.017905102954342,0.0245956873315364,0.0186043711240893,0.0219803223780615,0.0215938303341902,0.0183066361556064,0.042095259391771,0.0106973323527445,0.0197183098591549,0.00920223685141927,0.010896309314587,0.00645986568596098,0.00838902317645386,0.0158909165470576,0.0249533392842652,0.033175355450237,0.00108357808891043,0.00389153904092393,0.0131521262604121,0.0194080543425522,0.0224601291319464,0.0137241507793579,0.0277777777777778,"Bacteria","Planctomycetota","Planctomycetes","Isosphaerales","Isosphaeraceae"
"JG30-KF-CM45",0.0202535059331176,0.0180469912821603,0.0218394256231061,0,0.0111185983827493,0.0138479137816846,0.0135021980322378,0.013560411311054,0.0151968550137887,0,0.0337634552383499,0.00921895006402049,0.01578537552205,0,0.0282059481931564,0.0333428124555666,0.008816895632561,0,0,0,0,0,0,0.011533579824513,0.010370738371732,0.0162517289073306,"Bacteria","Chloroflexi","Chloroflexia","Thermomicrobiales","JG30-KF-CM45"
"JG30-KF-CM66",0.00223840345199569,0.0069902190091431,0.00496846932925664,0.00917636526410027,0.0183288409703504,0.00650249864531278,0.0117228386016328,0.0170308483290488,0.00310978114181776,0.00301878354203936,0.0157117068930935,0.00160051216389245,0.014511219650315,0.0179261862917399,0.00511672529581068,0.00547419308971989,0.00912446175927824,0,0,0,0,0,0,0.0157276088516086,0.00807302987021052,0.0140041493775934,"Bacteria","Chloroflexi","JG30-KF-CM66","JG30-KF-CM66","JG30-KF-CM66"
"JG36-TzT-191",0.0103829557713053,0.0278279821390602,0.0220578198793372,0.0164876156371232,0.0123315363881402,0.0204106207477873,0.0144965459493406,0.0224935732647815,0.017074458722056,0.026721824686941,0.0307548305141405,0.0128040973111396,0.0356055779712607,0.0213005272407733,0.00677966101694915,0.00447888525522537,0.0190178388353496,0,0,0,0,0,0,0.028199326747972,0.0206793765136931,0.015387275242047,"Bacteria","Proteobacteria","Gammaproteobacteria","JG36-TzT-191","JG36-TzT-191"
"Kaistiaceae",0.00110571736785329,0.00536891345949394,0.00428598727853457,0.00678901820352134,0,0.0148714552351135,0,0,0.00440063369125154,0.00285107334525939,0.00568295781239553,0.00243277848911652,0.00672471154526793,0.00590509666080844,0,0,0.00404962066844372,0,0,0,0,0,0,0.00342144473263065,0,0,"Bacteria","Proteobacteria","Alphaproteobacteria","Rhizobiales","Kaistiaceae"
"Kapabacteriales",0.00895361380798274,0.00220603869870296,0.00289372389506156,0.00872873769024172,0.0107142857142857,0.00903124811848998,0.00973414276742725,0.0101542416452442,0.00698233879011911,0.00419275491949911,0,0.00761843790012804,0,0.00632688927943761,0.00492484809721778,0.00483435233897341,0.00861185154808284,8.11490708431388e-05,0.000211577522004062,0,0,0,0,0.00579438220848739,0.0101223374526486,0.00576302443522361,"Bacteria","Bacteroidota","Kapabacteria","Kapabacteriales","Kapabacteriales"
"KD4-96",0.000943905070118662,0.00154156921114182,0.000900876306953127,0.00492390331244405,0.00357142857142857,0.00590041543741345,0.00654176261251832,0.00032133676092545,0.00140820278120049,0.000279516994633274,0.000869158253660493,0.00224071702944942,0.000778650810504707,0.0021792618629174,0.00383754397185801,0.00191952225223944,0.00123026450686898,0.00113608699180394,0.000930941096817874,0,0,0.000438404208680403,0.00230470645317807,0.00529772087633133,0.00558902067937651,0.00593591516828031,"Bacteria","Chloroflexi","KD4-96","KD4-96","KD4-96"
"Kineosporiaceae",0,0,0,0,0,0.000722499849479198,0,0.00057840616966581,0,0,0.0020057498161396,0,0.00283145749274439,0,0.000767508794371602,0.000568747333996872,0.000512610211195407,0,0.0003385240352065,0,0,0,0,0.000551845924617847,0,0,"Bacteria","Actinobacteriota","Actinobacteria","Kineosporiales","Kineosporiaceae"
"Lachnospiraceae",0,0,0,0,0,0,0,0,0,0,0,0,0,0,0,0,0,0,0,0,0,0.000365336840567003,0,0,0,0,"Bacteria","Firmicutes","Clostridia","Lachnospirales","Lachnospiraceae"
"Lactobacillaceae",0,0,0,0,0,0,0,0,0,0,0,0,0,0,0,0,0,0,0,0,0,0,0,0,0,0,"Bacteria","Firmicutes","Bacilli","Lactobacillales","Lactobacillaceae"
"Latescibacterota",0,0,0,0,0,0.000301041603949666,0,0,0,0,0.000334291636023267,0,0,0,0,0,0,0,0,0,0,0,0,0,0,0.00028815122176118,"Bacteria","Latescibacterota","Latescibacterota","Latescibacterota","Latescibacterota"
"Legionellaceae",0.000485436893203883,0.000265787795024452,0.000300292102317709,0.00126827812593256,0.000539083557951483,0.0016256246613282,0.000889679715302491,0.00141388174807198,0.00164290324473391,0.00167710196779964,0.00260747476098148,0.00134443021766965,0.00169887449564663,0.00175746924428822,0.00166293572113847,0.000924214417744917,0.0011277424646299,0.00255619573155887,0.00215809072444144,0.00028515212866064,0.000815967863419533,0.00306882946076282,0,0.000386292147232493,0,0.000518672199170124,"Bacteria","Proteobacteria","Gammaproteobacteria","Legionellales","Legionellaceae"
"Lentimicrobiaceae",0,0,0,0,0,0,0,0,0,0,0,0,0,0,0,0,0,0,0,0,0,0,0.000303250849102377,0,0,0,"Bacteria","Bacteroidota","Bacteroidia","Sphingobacteriales","Lentimicrobiaceae"
"Leptolyngbyaceae",0,0,0,0,0,0,0,0,0,0,0,0,0,0,0,0,0,0,0.000550101557210562,0,0,0,0,0,0,0,"Bacteria","Cyanobacteria","Cyanobacteriia","Leptolyngbyales","Leptolyngbyaceae"
"Limnochordaceae",0,0,0,0,0,0,0,0,0,0,0,0,0,0,0,0,0,0,0,0,0,0.000438404208680403,0.000303250849102377,0,0,0,"Bacteria","Firmicutes","Limnochordia","Limnochordales","Limnochordaceae"
"LiUU-11-161",0,0,0,0,0,0,0,0,0,0,0,0,0,0,0,0,0,0,0,0,0,0.000365336840567003,0,0,0,0,"Bacteria","Bacteroidota","Bacteroidia","Sphingobacteriales","LiUU-11-161"
"LWQ8",0,0,0,0,0,0,0,0,0,0,0,0,0,0,0,0,0,0,0.000253893026404875,0,0,0,0.000363901018922853,0,0,0,"Bacteria","Patescibacteria","Saccharimonadia","Saccharimonadales","LWQ8"
"Margulisbacteria",0,0,0,0,0,0,0,0,0,0,0,0,0,0,0,0,0,0,0,0,0,0,0.000545851528384279,0,0,0,"Bacteria","Margulisbacteria","Margulisbacteria","Margulisbacteria","Margulisbacteria"
"Methanoregulaceae",0,0,0,0,0,0,0,0,0,0,0,0,0,0,0,0,0,0,0,0,0,0.000511471576793804,0,0,0,0,"Archaea","Halobacterota","Methanomicrobia","Methanomicrobiales","Methanoregulaceae"
"Methylomonadaceae",0.00226537216828479,0.012359132468637,0.00840817886489585,0.00775887794688153,0.00734501347708895,0.0010837497742188,0.000523341009001465,0.00096401028277635,0.00111482720178372,0.00111806797853309,0.00207260814334425,0.00428937259923175,0.00198202024492107,0.00421792618629174,0.0104892868564119,0.0103085454286933,0.00404962066844372,0.00925099407611783,0.00558564658090724,0.00145427585616927,0.00295003766005523,0.00314189682887622,0.0094007763221737,0.00706362783510844,0.000310501148854251,0.00922083909635777,"Bacteria","Proteobacteria","Gammaproteobacteria","Methylococcales","Methylomonadaceae"
"Methylophilaceae",0.0131607335490831,0.0017010418881565,0.00117386912724195,0.000596836765144733,0.00141509433962264,0.00174604130290806,0.00277370734770777,0.00269922879177378,0.00968139412075339,0.00821779964221825,0.00287490806980009,0.0123559539052497,0.00417639980179798,0,0,0,0.000768915316793111,0.0238578268278828,0.0170108327691266,0.0229832615700476,0.0207130303791112,0.0298114861902674,0.0422731683648714,0.00148998399646819,0.00440911631373036,0,"Bacteria","Proteobacteria","Gammaproteobacteria","Burkholderiales","Methylophilaceae"
"Methylopilaceae",0,0,0,0,0,0,0,0.00032133676092545,0,0,0,0,0,0,0,0,0,0,0,0,0,0,0,0,0,0,"Bacteria","Proteobacteria","Alphaproteobacteria","Rhizobiales","Methylopilaceae"
"Microbacteriaceae",0.0299622437971953,0.00217945991920051,0.000382189948404357,0,0.00323450134770889,0.0012643747365886,0.00502407368641407,0.00739074550128535,0.00833186645543625,0.00793828264758497,0.0090258741726282,0.0243918053777209,0.00750336235577263,0,0.000831467860569236,0,0,0.113852146392924,0.124280636425186,0.0499016225156121,0.0459452673863922,0.0913342101417507,0.110868510431829,0.00248330666078031,0.00322921194808421,0.00322729368372522,"Bacteria","Actinobacteriota","Actinobacteria","Micrococcales","Microbacteriaceae"
"Micrococcaceae",0,0,0,0,0,0,0,0,0,0,0,0,0,0,0,0,0,0,0,0,0,0,0.000727802037845706,0,0,0,"Bacteria","Actinobacteriota","Actinobacteria","Micrococcales","Micrococcaceae"
"Microcystaceae",0,0,0,0,0,0,0,0,0,0,0,0,0,0,0,0,0,0,0.000296208530805687,0,0,0.00204588630717522,0.000788452207666181,0,0,0,"Bacteria","Cyanobacteria","Cyanobacteriia","Cyanobacteriales","Microcystaceae"
"Micromonosporaceae",0,0,0,0,0,0,0,0,0,0,0,0,0,0,0,0,0,0.00223159944818632,0.000846310088016249,0,0.000815967863419533,0.00365336840567003,0.00557981562348375,0,0.000496801838166801,0,"Bacteria","Actinobacteriota","Actinobacteria","Micromonosporales","Micromonosporaceae"
"Micropepsaceae",0,0.000186051456517117,0.000136496410144413,0,0.000471698113207547,0,0.000523341009001465,0.00044987146529563,0.00187760370826732,0.000894454382826476,0.000267433308818613,0.000832266325224072,0.000424718623911659,0,0,0.000355467083748045,0,0.000324596283372555,0.00050778605280975,0,0,0,0.000363901018922853,0,0,0,"Bacteria","Proteobacteria","Alphaproteobacteria","Micropepsales","Micropepsaceae"
"Microscillaceae",0.0011596548004315,0.00337550499681055,0.00357620594578363,0.0106684571769621,0.0130727762803234,0.00608104039978325,0.00366338706301026,0.00841902313624679,0.0118523734084375,0.00788237924865832,0.0117002072608143,0.00211267605633803,0.00495505061230268,0.00759226713532513,0.00179085385353374,0.00142186833499218,0.00394709862620463,0,0,0.000114060851464256,0,0.000584538944907204,0,0.00364218310247779,0.00652052412593927,0.00564776394651913,"Bacteria","Bacteroidota","Bacteroidia","Cytophagales","Microscillaceae"
"Microtrichaceae",0.00533980582524272,0.00595364660854774,0.00510496573940105,0.00947478364667263,0.0113207547169811,0.0128243723282558,0.0110424952899309,0.0103470437017995,0.0116176729449041,0.00955948121645796,0.00374406632346059,0.00556978233034571,0.00297303036738161,0.00351493848857645,0.00716341541413495,0.00689606142471207,0.0105085093295058,0.00206930130650004,0.00241198375084631,0.000199606490062448,0,0.00248429051585562,0.00285055798156235,0.0102091496054302,0.00534061976029311,0.010488704472107,"Bacteria","Actinobacteriota","Acidimicrobiia","Microtrichales","Microtrichaceae"
"Mitochondria",0,0.000159472677014671,0,0,0.000471698113207547,0.000301041603949666,0,0,0.000528076042950185,0,0.00227318312495821,0,0.000778650810504707,0,0,0,0,0.00068976710216668,0.001354096140826,0.000769910747383729,0.0024479035902586,0,0,0,0,0,"Bacteria","Proteobacteria","Alphaproteobacteria","Rickettsiales","Mitochondria"
"mle1-27",0.000242718446601942,0,0,0,0,0,0,0,0.000410725811183477,0,0,0.000512163892445583,0.000424718623911659,0,0,0,0,0,0,0,0,0,0,0,0,0,"Bacteria","Myxococcota","Polyangia","mle1-27","mle1-27"
"Moraxellaceae",0.000161812297734628,0,0,0,0,0,0,0,0,0,0,0,0,0,0,0,0.000461349190075866,0.000202872677107847,0.000211577522004062,0,0,0.000365336840567003,0.000667151868025231,0,0,0,"Bacteria","Proteobacteria","Gammaproteobacteria","Pseudomonadales","Moraxellaceae"
"MWH-UniP1_aquatic_group",0,0,0,0,0,0,0,0,0,0,0,0,0,0,0,0,0,0,0.000253893026404875,0,0,0,0,0,0,0,"Bacteria","Proteobacteria","Gammaproteobacteria","Burkholderiales","MWH-UniP1_aquatic_group"
"Mycobacteriaceae",0.00455771305285868,0.000478418031044014,0.000900876306953127,0.00246195165622202,0.00128032345013477,0.00234812451080739,0.00272137324680762,0.00212082262210797,0.000645426274716893,0,0.000869158253660493,0.00633802816901408,0,0,0.00108730412535977,0,0,0.0109145500284022,0.0115944482058226,0.00741395534517665,0.00991714787848355,0.0196551220225047,0.0132217370208637,0.000386292147232493,0,0.000864453665283541,"Bacteria","Actinobacteriota","Actinobacteria","Corynebacteriales","Mycobacteriaceae"
"NB1-j",0,0,0,0.000373022978215458,0,0,0.000314004605400879,0,0,0,0.00120344988968376,0,0.00120336943441637,0.000773286467486819,0.000319795330988168,0.000639840750746481,0.000410088168956326,0,0,0,0,0,0,0.000717399702003201,0.000745202757250202,0.000403411710465652,"Bacteria","NB1-j","NB1-j","NB1-j","NB1-j"
"Neisseriaceae",0,0,0,0,0,0,0,0,0,0,0,0,0,0,0,0,0,0.000486894425058833,0.000296208530805687,0,0,0.000803741049247406,0,0,0,0,"Bacteria","Proteobacteria","Gammaproteobacteria","Burkholderiales","Neisseriaceae"
"Nitrosomonadaceae",0.00509708737864078,0.00576759515203062,0.00505036717534329,0.00999701581617428,0.0150269541778976,0.0127039556866759,0.0121938455097341,0.0116966580976864,0.0123217743355043,0.0126900715563506,0.0131042321321121,0.00928297055057619,0.0149359382742267,0.0110369068541301,0.00262232171410297,0.00796246267595621,0.00999589911831044,0.00328653736914712,0.00740521327014218,0,0,0.00314189682887622,0,0.00943656531096518,0.0126684468732534,0.00386122637159982,"Bacteria","Proteobacteria","Gammaproteobacteria","Burkholderiales","Nitrosomonadaceae"
"Nitrospiraceae",0.00822545846817692,0.060945141399107,0.0730528787092899,0.0153685467024769,0.0283018867924528,0.0273345776386297,0.0223466610843626,0.0200514138817481,0.0135539517690547,0.0133609123434705,0.0236009895032426,0.0127400768245839,0.0244213208749204,0.0150439367311072,0.043108410617205,0.0557372387316934,0.0355238876358417,0.000365170818794125,0.000550101557210562,0,0,0,0,0.0380221842061696,0.0214245792709433,0.0184416781927155,"Bacteria","Nitrospirota","Nitrospiria","Nitrospirales","Nitrospiraceae"
"Nocardiaceae",0,0,0,0,0,0,0,0,0.00451798392301825,0,0,0,0,0,0,0,0,0,0.000211577522004062,0,0,0.000584538944907204,0.000849102377486657,0,0,0,"Bacteria","Actinobacteriota","Actinobacteria","Corynebacteriales","Nocardiaceae"
"Nocardioidaceae",0,0,0,0,0,0,0,0,0,0,0,0,0,0,0,0,0,0,0.000296208530805687,0,0,0,0,0,0,0,"Bacteria","Actinobacteriota","Actinobacteria","Propionibacteriales","Nocardioidaceae"
"NS11-12_marine_group",0.000431499460625674,0,0,0,0,0,0,0,0,0,0,0,0,0,0,0,0,0.000973788850117666,0.000423155044008125,0.00336479511819556,0.00357770524730103,0.00650299576209265,0.00424551188743328,0,0,0,"Bacteria","Bacteroidota","Bacteroidia","Sphingobacteriales","NS11-12_marine_group"
"NS9_marine_group",0,0,0,0,0,0,0,0,0,0,0,0,0,0,0,0,0,0.00206930130650004,0.00165030467163169,0,0,0.00336109893321643,0.0032144590004852,0,0,0,"Bacteria","Bacteroidota","Bacteroidia","Flavobacteriales","NS9_marine_group"
"Obscuribacteraceae",0.000377562028047465,0,0,0.000671441360787825,0.000606469002695418,0.000361249924739599,0.00109901611890308,0.00115681233933162,0.000293375579416769,0,0.000468008290432573,0.00121638924455826,0,0.000421792618629174,0.000895426926766869,0.000497653917247263,0,0,0,0,0,0,0,0.000993322664312124,0,0.000749193176579069,"Bacteria","Cyanobacteria","Vampirivibrionia","Obscuribacterales","Obscuribacteraceae"
"OLB14",0.0155339805825243,0.0227514352540931,0.0239414703393301,0.0183527305282005,0.0154986522911051,0.0118610391956168,0.012507850115135,0.0173521850899743,0.00258170509886757,0.00709973166368515,0.00895901584542355,0.00979513444302177,0.0111842570963403,0.0239718804920914,0.0461784457946914,0.0425138632162662,0.0167623539060898,0,0.000253893026404875,0,0,0,0,0.0103747033828155,0.0158976588213376,0.00904794836330106,"Bacteria","Chloroflexi","OLB14","OLB14","OLB14"
"Oligoflexaceae",0,0,0,0,0,0,0,0,0.000645426274716893,0.00145348837209302,0.00120344988968376,0,0,0,0,0,0,0,0,0,0,0,0,0,0,0,"Bacteria","Bdellovibrionota","Oligoflexia","Oligoflexales","Oligoflexaceae"
"OM190",0.000647249190938511,0.00151499043163938,0.00150146051158855,0.00581915846016115,0.0068733153638814,0.00656270696610272,0.00795478333682227,0.00726221079691517,0.00211230417180074,0,0.000334291636023267,0.000704225352112676,0.00261909818078856,0.00724077328646749,0.00575631595778702,0.00391013792122849,0.00456223087963912,0,0,0,0,0,0,0.00910545775619447,0.00552692044960566,0.000576302443522361,"Bacteria","Planctomycetota","OM190","OM190","OM190"
"Opitutaceae",0.000296655879180151,0,0,0,0,0,0,0,0,0,0,0.00089628681177977,0,0,0,0,0,0.00267791933782358,0.00245429925524712,0.00384955373691865,0.00615114235500879,0.00555311997661844,0.00145560407569141,0,0,0,"Bacteria","Verrucomicrobiota","Verrucomicrobiae","Opitutales","Opitutaceae"
"Oxalobacteraceae",0.00318230852211435,0.00116946629810759,0.000846277742895362,0.00231274246493584,0.00161725067385445,0.00234812451080739,0.00256437094410718,0.00327763496143959,0.00393123276418471,0.00245974955277281,0.00307548305141405,0.0087067861715749,0.002902243930063,0.00161687170474517,0,0,0,0.0269820660553437,0.0229350033852404,0.0145712737745587,0.0244162691438614,0.027911734619319,0.0255337214944202,0.00281441421555102,0.00229770850152146,0.0020746887966805,"Bacteria","Proteobacteria","Gammaproteobacteria","Burkholderiales","Oxalobacteraceae"
"Paenibacillaceae",0,0,0,0,0,0,0,0,0,0,0,0,0,0,0,0,0,0.000202872677107847,0,0,0,0,0,0,0,0,"Bacteria","Firmicutes","Bacilli","Paenibacillales","Paenibacillaceae"
"Paracaedibacteraceae",0,0.000797363385073357,0.000327591384346592,0,0.00141509433962264,0.00222770786922753,0.00125601842160352,0,0,0,0.00561609948519088,0.000320102432778489,0.00283145749274439,0,0.0015350175887432,0.00163514858524101,0.000307566126717244,0,0,0,0,0,0,0.00137961481154462,0,0,"Bacteria","Proteobacteria","Alphaproteobacteria","Paracaedibacterales","Paracaedibacteraceae"
"Parachlamydiaceae",0.000593311758360302,0.00159472677014671,0.00262073107477273,0.00954938824231573,0.00929919137466307,0.00668312360768258,0.00696043541971949,0.00295629820051414,0.00704101390600246,0.00190071556350626,0.00568295781239553,0.000640204865556978,0.000991010122460537,0.0103339191564148,0.00767508794371602,0.00874449026020191,0.00830428542136559,0.000568043495901972,0.000550101557210562,0,0,0.000365336840567003,0.00139495390587094,0.00458032117432813,0.00801092964043967,0.00680036883356385,"Bacteria","Verrucomicrobiota","Chlamydiae","Chlamydiales","Parachlamydiaceae"
"Parcubacteria",0,0,0,0,0,0,0,0,0,0,0,0,0,0,0,0,0,0,0,0.000941002024580113,0.000878734622144112,0.00116907788981441,0,0,0,0,"Bacteria","Patescibacteria","Parcubacteria","Parcubacteria","Parcubacteria"
"Parvibaculaceae",0,0.000186051456517117,0,0,0,0,0,0,0,0,0,0,0,0,0.000895426926766869,0.000639840750746481,0,0,0,0,0,0,0,0.000386292147232493,0,0,"Bacteria","Proteobacteria","Alphaproteobacteria","Parvibaculales","Parvibaculaceae"
"Pasteurellaceae",0,0,0,0,0,0,0,0,0,0,0,0,0,0,0,0,0,0,0,0,0,0,0,0,0,0,"Bacteria","Proteobacteria","Gammaproteobacteria","Enterobacterales","Pasteurellaceae"
"Pedosphaeraceae",0.00415318230852211,0.00340208377631299,0.00180175261390625,0.00641599522530588,0.0144878706199461,0.00999458125112891,0.0126648524178355,0.0120179948586118,0.0176025347650062,0.00961538461538462,0.0114327739519957,0.00640204865556978,0.00983931478728676,0.00674868189806678,0.00396546210425328,0.00881558367695151,0.00574123436538856,0.00178527955854905,0.00220040622884225,0,0,0.00146134736226801,0,0.00717399702003201,0.0112401415885239,0.0165398801290917,"Bacteria","Verrucomicrobiota","Verrucomicrobiae","Pedosphaerales","Pedosphaeraceae"
"PeM15",0.00304746494066882,0.000159472677014671,0,0,0.000471698113207547,0,0,0.00070694087403599,0,0.000782647584973166,0,0.00512163892445583,0,0,0,0,0,0.0152154507830885,0.0158259986459039,0.00501867746442727,0.010293748430831,0.0130059915241853,0.013524987869966,0.00104850725677391,0.000434701608395951,0,"Bacteria","Actinobacteriota","Actinobacteria","PeM15","PeM15"
"Peptostreptococcaceae",0,0,0,0,0,0,0,0,0,0,0,0,0,0,0,0,0,0.00121723606264708,0.0010155721056195,0,0.000313833793622897,0.00416483998246383,0.00491266375545852,0,0,0,"Bacteria","Firmicutes","Clostridia","Peptostreptococcales-Tissierellales","Peptostreptococcaceae"
"Phormidiaceae",0.000296655879180151,0,0,0,0,0,0,0,0,0,0,0,0,0,0,0,0,0,0,0,0,0,0,0,0,0,"Bacteria","Cyanobacteria","Cyanobacteriia","Cyanobacteriales","Phormidiaceae"
"Phycisphaeraceae",0.000296655879180151,0.00100999362109292,0.00101007343506866,0.00201432408236347,0.00235849056603774,0.0010837497742188,0.00183169353150513,0.00282776349614396,0.00475268438655166,0.00380143112701252,0.00381092465066524,0.000320102432778489,0.00339774899129327,0.00147627416520211,0.00159897665494084,0.00255936300298592,0.00153783063358622,0,0,0,0,0,0,0.00171072236631532,0.00335341240762591,0.00167127708621485,"Bacteria","Planctomycetota","Phycisphaerae","Phycisphaerales","Phycisphaeraceae"
"Pirellulaceae",0.00167206040992449,0.00186051456517117,0,0.00044762757385855,0.00175202156334232,0.00295020771870673,0.00219803223780615,0.00083547557840617,0.00346183183711788,0.00229203935599284,0.00193889148893495,0.00492957746478873,0.000424718623911659,0.00246045694200351,0.00396546210425328,0.0031992037537324,0.000973959401271273,0.000243447212529417,0,0,0,0,0.00103105288694808,0.00518735169140776,0.00496801838166801,0.00979714153988013,"Bacteria","Planctomycetota","Planctomycetes","Pirellulales","Pirellulaceae"
"Pleomorphomonadaceae",0,0,0,0,0,0,0,0,0,0,0,0,0,0,0,0,0,0.000202872677107847,0,0,0,0,0,0,0,0,"Bacteria","Proteobacteria","Alphaproteobacteria","Rhizobiales","Pleomorphomonadaceae"
"PLTA13",0,0.000345524133531788,0.000272992820288826,0.00119367353028947,0,0.000842916491059064,0.000366338706301026,0.00057840616966581,0,0,0.00120344988968376,0,0.0014157287463722,0.000773286467486819,0.000639590661976335,0.000426560500497654,0,0,0,0,0,0,0,0,0,0,"Bacteria","Proteobacteria","Gammaproteobacteria","PLTA13","PLTA13"
"Polyangiaceae",0,0.000930257282585584,0.000791679178837597,0.00216353327364966,0.00134770889487871,0.001806249623698,0.000994347917102784,0.00173521850899743,0.00340315672123452,0.0017330053667263,0.00340977468743732,0.00089628681177977,0.0014865151836908,0.00126537785588752,0.00179085385353374,0.000995307834494526,0.00071765429567357,0,0,0,0,0,0.000303250849102377,0.000993322664312124,0.00254610942060486,0.000691562932226833,"Bacteria","Myxococcota","Polyangia","Polyangiales","Polyangiaceae"
"Prevotellaceae",0,0,0,0,0,0,0,0,0,0,0,0,0,0,0,0,0,0,0,0,0,0,0,0,0,0,"Bacteria","Bacteroidota","Bacteroidia","Bacteroidales","Prevotellaceae"
"Propionibacteriaceae",0,0,0,0,0,0,0,0,0,0,0,0,0,0,0,0,0,0,0,0,0,0,0,0,0,0,"Bacteria","Actinobacteriota","Actinobacteria","Propionibacteriales","Propionibacteriaceae"
"Pseudanabaenaceae",0,0,0,0,0,0,0,0,0,0,0,0,0,0,0,0,0,0,0.000930941096817874,0,0.000376600552347477,0,0,0,0,0,"Bacteria","Cyanobacteria","Cyanobacteriia","Pseudanabaenales","Pseudanabaenaceae"
"Pseudohongiellaceae",0,0,0,0,0,0,0,0,0,0,0,0,0,0,0,0,0,0.00223159944818632,0.00232735274204469,0,0.000439367311072056,0.00226508841151542,0.00109170305676856,0,0,0,"Bacteria","Proteobacteria","Gammaproteobacteria","Pseudomonadales","Pseudohongiellaceae"
"Pseudomonadaceae",0,0,0,0,0,0,0,0,0,0,0,0,0,0,0,0,0,0.000933214314696097,0.000973256601218687,0.000171091277196384,0,0.00116907788981441,0,0,0,0,"Bacteria","Proteobacteria","Gammaproteobacteria","Pseudomonadales","Pseudomonadaceae"
"Pseudonocardiaceae",0.00137540453074434,0,0,0,0.00491913746630728,0.00421458245529532,0.0067510990161189,0.00546272493573265,0.000469400927066831,0,0.00173831650732099,0.00211267605633803,0,0,0,0,0,0,0.000211577522004062,0,0,0,0,0,0,0,"Bacteria","Actinobacteriota","Actinobacteria","Pseudonocardiales","Pseudonocardiaceae"
"Puniceicoccaceae",0,0,0,0,0,0,0,0,0,0,0.00173831650732099,0.000320102432778489,0,0,0.000319795330988168,0,0.000307566126717244,0,0,0,0,0,0,0,0,0,"Bacteria","Verrucomicrobiota","Verrucomicrobiae","Opitutales","Puniceicoccaceae"
"Pyrinomonadaceae",0,0,0,0,0.000539083557951483,0,0.000366338706301026,0,0,0,0,0.000384122919334187,0.000849437247823317,0.000492091388400703,0,0,0,0,0,0,0,0,0,0,0.000310501148854251,0.00103734439834025,"Bacteria","Acidobacteriota","Blastocatellia","Pyrinomonadales","Pyrinomonadaceae"
"R7C24",0,0.000159472677014671,0.000327591384346592,0,0,0,0,0.00038560411311054,0.000880126738250308,0.000614937388193202,0,0,0,0.000421792618629174,0.000447713463383435,0.000497653917247263,0,0.00332711190456869,0.003385240352065,0,0.000941501380868692,0.00416483998246383,0.00661086851043183,0,0.000807302987021052,0,"Bacteria","Proteobacteria","Gammaproteobacteria","R7C24","R7C24"
"RBG-13-54-9",0.00377562028047465,0.00419944716138635,0.0037673009199858,0.011414503133393,0.0139487870619946,0.0108977060629779,0.0150198869583421,0.018573264781491,0.0266385026110427,0.0174418604651163,0.00829043257337701,0.0105633802816901,0.00537976923621434,0.00478031634446397,0.00594819315637992,0.00924214417744917,0.00733032602009432,0,0,0,0,0,0,0.00419402902709563,0.0151524560640874,0.0227639465191332,"Bacteria","Chloroflexi","Anaerolineae","RBG-13-54-9","RBG-13-54-9"
"Reyranellaceae",0.00242718446601942,0.0123857112481395,0.011165406349813,0.0103700387943897,0.000673854447439353,0.00535854055030405,0.00214569813690601,0.00122107969151671,0.0157836061726222,0.00732334525939177,0.00454636624991643,0.00339308578745198,0.0036101083032491,0.0113181019332162,0.00307003517748641,0.00241717616948671,0.00948328890711503,0.000608618031323541,0.00114251861882194,0,0,0,0.000788452207666181,0.0061254897632581,0.00105570390610445,0,"Bacteria","Proteobacteria","Alphaproteobacteria","Reyranellales","Reyranellaceae"
"Rhizobiaceae",0,0,0,0,0,0,0,0,0,0,0.00113659156247911,0,0,0,0,0,0,0.000649192566745111,0,0,0,0,0.000545851528384279,0,0,0,"Bacteria","Proteobacteria","Alphaproteobacteria","Rhizobiales","Rhizobiaceae"
"Rhizobiales_Incertae_Sedis",0.00792880258899676,0.00675100999362109,0.00480467363708335,0.013055804237541,0.0128706199460916,0.0105966644590282,0.00868746074942433,0.00790488431876607,0.00745173971718594,0.00709973166368515,0.0109647656615631,0.00998719590268886,0.00913145041410066,0.0131458699472759,0.00901822833386632,0.00611403384046637,0.0117900348574944,0.005842733100706,0.00825152335815843,0.000883971598847985,0.00288727090133066,0.00847581470115446,0.0059437166424066,0.0113680260471276,0.0148419549152332,0.00299677270631627,"Bacteria","Proteobacteria","Alphaproteobacteria","Rhizobiales","Rhizobiales_Incertae_Sedis"
"Rhodobacteraceae",0.00145631067961165,0.000159472677014671,0,0,0.000673854447439353,0,0.00109901611890308,0,0,0.000782647584973166,0,0.0028809218950064,0.000424718623911659,0,0,0,0,0.0216262273796965,0.0189996614759648,0.000741395534517665,0.00138086869194075,0.0200204588630718,0.0225012130033964,0.000717399702003201,0,0.000461041954817888,"Bacteria","Proteobacteria","Alphaproteobacteria","Rhodobacterales","Rhodobacteraceae"
"Rhodocyclaceae",0.00396440129449838,0.00321603231979587,0.00270262892085938,0.00119367353028947,0.00855795148247978,0.00541874887109399,0.00235503454050659,0.00931876606683805,0.00792114064425277,0.00486359570661896,0.00621782443003276,0.00524967989756722,0.00382246761520493,0.00681898066783831,0.00473297089862488,0.00440779183847576,0.00507484109083453,0.0083583542968433,0.0112559241706161,0.000598819470187345,0.000815967863419533,0.00445710945491743,0.00909752547307132,0.00711881242757022,0.00471961746258461,0.00593591516828031,"Bacteria","Proteobacteria","Gammaproteobacteria","Burkholderiales","Rhodocyclaceae"
"Rhodomicrobiaceae",0.000296655879180151,0.00396023814586434,0.00253883322868609,0,0.00633423180592992,0.00505749894635439,0.00481473728281348,0.00475578406169666,0,0,0,0,0,0.00407732864674868,0,0,0.00497231904859545,0,0,0,0,0,0,0.00618067435571988,0.00391231447556356,0.00501383125864454,"Bacteria","Proteobacteria","Alphaproteobacteria","Rhizobiales","Rhodomicrobiaceae"
"Rhodospirillaceae",0.000269687162891046,0,0,0,0,0,0,0.00038560411311054,0.000469400927066831,0,0,0.000384122919334187,0,0,0,0,0,0,0,0,0,0,0,0,0,0,"Bacteria","Proteobacteria","Alphaproteobacteria","Rhodospirillales","Rhodospirillaceae"
"Rickettsiaceae",0,0.000132893897512226,0,0,0,0,0,0,0,0.000335420393559928,0,0.00057618437900128,0,0,0,0,0,0.000811490708431388,0,8.55456385981921e-05,0,0,0,0,0,0,"Bacteria","Proteobacteria","Alphaproteobacteria","Rickettsiales","Rickettsiaceae"
"Roseiflexaceae",0,0,0,0,0,0,0,0,0,0,0,0,0,0,0,0,0,0.000811490708431388,0.000719363574813812,0,0,0.00109601052170101,0.00121300339640951,0,0,0,"Bacteria","Chloroflexi","Chloroflexia","Chloroflexales","Roseiflexaceae"
"Rubinisphaeraceae",0.00531283710895361,0.000132893897512226,0.000573284922606535,0.00253655625186511,0.00121293800539084,0.000662291528689265,0.00287837554950806,0.0032133676092545,0,0.000279516994633274,0.00187203316173029,0.0029449423815621,0.0021943795568769,0.00203866432337434,0.00147105852254557,0,0.0011277424646299,0,0,0,0,0,0,0.00297996799293637,0.00534061976029311,0.00103734439834025,"Bacteria","Planctomycetota","Planctomycetes","Planctomycetales","Rubinisphaeraceae"
"Rubritaleaceae",0,0,0,0,0,0,0,0,0,0,0,0,0,0,0,0,0,0.00202872677107847,0.00156567366283006,0,0,0.00343416630132983,0.00194080543425522,0,0,0,"Bacteria","Verrucomicrobiota","Verrucomicrobiae","Verrucomicrobiales","Rubritaleaceae"
"S085",0.000889967637540453,0.00457155007442058,0.00354890666375474,0.000671441360787825,0.00714285714285714,0.00818833162743091,0.00115135021980322,0.0083547557840617,0.00111482720178372,0.00212432915921288,0.00260747476098148,0.00371318822023047,0.00297303036738161,0.00878734622144113,0.00818676047329709,0.0063273140907152,0.00548492925979085,0,0,0,0,0,0,0.00656696650295238,0.00614792274731416,0.00685799907791609,"Bacteria","Chloroflexi","Dehalococcoidia","S085","S085"
"Saccharimonadaceae",0,0,0,0,0,0,0,0,0,0,0,0,0,0,0,0,0,0.000568043495901972,0.000380839539607312,0,0,0,0.000606501698204755,0,0,0,"Bacteria","Patescibacteria","Saccharimonadia","Saccharimonadales","Saccharimonadaceae"
"Sandaracinaceae",0,7.97363385073357e-05,5.45985640577653e-05,0,0,0,0,0,0,0,0,0,0,0,0,0,0,0,0,0,0,0,0,0,0,0,"Bacteria","Myxococcota","Polyangia","Polyangiales","Sandaracinaceae"
"Saprospiraceae",0.00145631067961165,0.000292366574526898,0,0.000596836765144733,0.000606469002695418,0.000421458245529532,0.000261670504500733,0.00109254498714653,0.00463533415478496,0.00273926654740608,0.00147088319850237,0.00275288092189501,0.00169887449564663,0.000984182776801406,0,0.000782027584245699,0.000358827147836785,0,0,0,0,0,0.000363901018922853,0.000938138071850339,0.00180090666335465,0,"Bacteria","Bacteroidota","Bacteroidia","Chitinophagales","Saprospiraceae"
"SBR1031",0,0.00159472677014671,0.00109197128115531,0.00283497463443748,0.00121293800539084,0.00523812390872419,0.00387272346661084,0.00488431876606684,0.00445930880713489,0.00391323792486583,0.0030086247242094,0,0.00552134211085156,0,0,0,0.000512610211195407,0,0,0,0,0,0,0.00369736769493957,0.00223560827175061,0.00605117565698479,"Bacteria","Chloroflexi","Anaerolineae","SBR1031","SBR1031"
"SC-I-84",0.00533980582524272,0.00829257920476292,0.00906336163358904,0.0101462250074605,0.00822102425876011,0.00740562345716178,0.00481473728281348,0.00848329048843188,0.0126151499149211,0.00916815742397138,0.00234004145216287,0.00371318822023047,0.00283145749274439,0.00773286467486819,0.00211064918452191,0.00270154983648514,0.00763789214681156,0.0068976710216668,0.00727826675693974,0,0.000753201104694954,0.0122022504749379,0.0105531295487627,0.0097124882732741,0.00738992734273117,0.00461041954817888,"Bacteria","Proteobacteria","Gammaproteobacteria","Burkholderiales","SC-I-84"
"Schlesneriaceae",0.000485436893203883,0,0,0.000522232169501641,0.00148247978436658,0,0.00109901611890308,0.00096401028277635,0.00129085254943379,0.000391323792486583,0.00240689977936752,0.00147247119078105,0.000849437247823317,0,0.000831467860569236,0.000426560500497654,0.000256305105597704,0,0,0,0,0,0,0.000662215109541416,0.0018630068931255,0.000864453665283541,"Bacteria","Planctomycetota","Planctomycetes","Planctomycetales","Schlesneriaceae"
"Selenomonadaceae",0,0,0,0,0,0,0,0,0,0,0,0,0,0,0,0,0,0.000243447212529417,0,0,0,0,0,0,0,0,"Bacteria","Firmicutes","Negativicutes","Veillonellales-Selenomonadales","Selenomonadaceae"
"Silvanigrellaceae",0.00204962243797195,0,0,0,0,0,0,0.0006426735218509,0,0,0,0.00275288092189501,0,0,0,0,0,0.00312423922746085,0.00156567366283006,0.00416322107844535,0.00652774290735626,0.000365336840567003,0.000424551188743328,0,0,0,"Bacteria","Bdellovibrionota","Oligoflexia","Silvanigrellales","Silvanigrellaceae"
"Simkaniaceae",0.000134843581445523,0.000425260472039124,0.000900876306953127,0.00417785735601313,0.0043800539083558,0.00288999939791679,0.00334938245760938,0.00340616966580977,0,0,0.00488065788593969,0.000320102432778489,0.00254831174346995,0.0021792618629174,0.00159897665494084,0,0.00271683411933566,0.00150125781059807,0.00245429925524712,0,0,0.00146134736226801,0.00115235322658903,0.00154516858892997,0.00453331677327206,0.00328492392807746,"Bacteria","Verrucomicrobiota","Chlamydiae","Chlamydiales","Simkaniaceae"
"SL56_marine_group",0,0,0,0,0,0,0,0,0,0,0,0,0,0,0,0,0,0.00271849387324515,0.00211577522004062,0,0.000376600552347477,0.00189975157094841,0.00369966035904901,0,0,0,"Bacteria","Chloroflexi","SL56_marine_group","SL56_marine_group","SL56_marine_group"
"SM1A07",0,0.000797363385073357,0.000464087794491005,0.00149209191286183,0.00148247978436658,0.00138479137816846,0.00120368432070337,0,0,0,0.00240689977936752,0,0.0014865151836908,0.00196836555360281,0.00166293572113847,0.0031281103369828,0.00158909165470576,0,0,0,0,0,0,0.00104850725677391,0.00267030988014656,0.000461041954817888,"Bacteria","Bacteroidota","Bacteroidia","SM1A07","SM1A07"
"Solibacteraceae",0,0,0,0.000522232169501641,0,0.000301041603949666,0,0,0,0,0,0,0,0,0.000511672529581068,0.000782027584245699,0.000410088168956326,0,0,0,0,0,0,0,0,0.000403411710465652,"Bacteria","Acidobacteriota","Acidobacteriae","Solibacterales","Solibacteraceae"
"Sphingobacteriaceae",0,0,0,0,0,0,0,0,0,0,0,0,0,0,0,0,0,0.000527468960480402,0,0,0,0.00124214525792781,0,0,0,0,"Bacteria","Bacteroidota","Bacteroidia","Sphingobacteriales","Sphingobacteriaceae"
"Sphingomonadaceae",0.0150215749730313,0.00853178822028492,0.00906336163358904,0.00910176066845718,0.00222371967654987,0.0100547895719188,0.0150722210592422,0.00636246786632391,0.0203602652115238,0.0161560822898032,0.0141071070401819,0.0191421254801536,0.0191123380760246,0.00801405975395431,0.00441317556763671,0.00199061566898905,0.00825302440024605,0.0128215531932159,0.0147681110358835,0.00136873021757107,0.000439367311072056,0.00737980417945346,0.00727802037845706,0.00833287346172949,0.00888033285723157,0.0127362840018442,"Bacteria","Proteobacteria","Alphaproteobacteria","Sphingomonadales","Sphingomonadaceae"
"Spirosomaceae",0.00229234088457389,0,0,0,0,0,0,0,0,0,0,0.00467349551856594,0,0,0,0,0,0.00381400632962753,0.00478165199729181,0.0612506772363056,0.0389153904092393,0.0129329241560719,0.00921882581271228,0,0,0,"Bacteria","Bacteroidota","Bacteroidia","Cytophagales","Spirosomaceae"
"Spongiibacteraceae",0,0,0,0,0,0,0,0,0,0,0,0,0,0,0,0,0,0.00223159944818632,0.00122714962762356,0,0.000313833793622897,0.000876808417360807,0.00121300339640951,0,0,0,"Bacteria","Proteobacteria","Gammaproteobacteria","Pseudomonadales","Spongiibacteraceae"
"Sporichthyaceae",0.164104638619202,0.0066978524346162,0.00155605907564631,0.00216353327364966,0.00997304582210243,0.00132458305737853,0.012507850115135,0.0177377892030848,0.0146687789708385,0.0144789803220036,0.0106973323527445,0.0802816901408451,0.011962907906845,0,0.00422129836904381,0.00334139058723162,0.00071765429567357,0.299277773269496,0.286052809749492,0.27522883458325,0.203113231232739,0.216644746456233,0.172367782629791,0.00446995198940456,0.0190026703098801,0.0100852927616413,"Bacteria","Actinobacteriota","Actinobacteria","Frankiales","Sporichthyaceae"
"Steroidobacteraceae",0.00035059331175836,0.000425260472039124,0.000491387076519888,0,0.000876010781671159,0.00150520801974833,0.00272137324680762,0.00314910025706941,0.00404858299595142,0.00313059033989267,0.00127030821688841,0.000512163892445583,0.00169887449564663,0.00260105448154657,0.00204669011832427,0.00305701692023319,0.00128152552798852,0.0025156211961373,0.000634732566012187,0,0,0,0,0.00132443021908283,0.00117990436564615,0.000633932687874597,"Bacteria","Proteobacteria","Gammaproteobacteria","Steroidobacterales","Steroidobacteraceae"
"Streptococcaceae",0,0,0,0,0,0,0,0,0,0,0,0,0,0,0,0,0,0,0,0,0,0,0,0,0,0,"Bacteria","Firmicutes","Bacilli","Lactobacillales","Streptococcaceae"
"Streptomycetaceae",0.000377562028047465,0,0,0,0,0,0,0,0,0,0,0,0,0,0,0,0,0.00495009332143147,0.00706668923493568,0.00028515212866064,0,0.0211895367528862,0.0061863173216885,0,0,0,"Bacteria","Actinobacteriota","Actinobacteria","Streptomycetales","Streptomycetaceae"
"Streptosporangiaceae",0,0,0,0,0,0,0,0,0,0,0,0,0,0,0,0,0,0.000446319889637264,0.00050778605280975,0,0,0,0.000303250849102377,0,0,0,"Bacteria","Actinobacteriota","Actinobacteria","Streptosporangiales","Streptosporangiaceae"
"Subgroup_11",0,0,0,0,0,0,0,0,0,0,0,0,0,0,0,0,0.000256305105597704,0,0,0,0,0,0,0,0,0.000518672199170124,"Bacteria","Acidobacteriota","Subgroup_11","Subgroup_11","Subgroup_11"
"Subgroup_17",0,0,0,0,0,0,0,0,0,0,0,0.000320102432778489,0,0,0,0,0,0,0.000423155044008125,0,0,0,0.000727802037845706,0,0,0,"Bacteria","Acidobacteriota","Vicinamibacteria","Subgroup_17","Subgroup_17"
"Subgroup_18",0,0,0,0,0,0,0,0,0,0,0,0,0,0,0,0,0,0.000243447212529417,0,0,0,0,0,0,0,0,"Bacteria","Acidobacteriota","Subgroup_18","Subgroup_18","Subgroup_18"
"Subgroup_2",0,0,0,0,0,0,0,0.00032133676092545,0,0,0,0,0,0,0,0,0,0,0,0,0,0,0,0,0,0,"Bacteria","Acidobacteriota","Acidobacteriae","Subgroup_2","Subgroup_2"
"Subgroup_7",0.00102481121898598,0.00100999362109292,0.000382189948404357,0.00111906893464637,0.00134770889487871,0.001806249623698,0.00167469122880469,0.00173521850899743,0,0,0.00147088319850237,0.00166453265044814,0.00261909818078856,0.00133567662565905,0.0013431403901503,0.00106640125124413,0.000973959401271273,0,0.000253893026404875,0,0,0,0,0.00137961481154462,0.00130410482518785,0.00184416781927155,"Bacteria","Acidobacteriota","Holophagae","Subgroup_7","Subgroup_7"
"Sutterellaceae",0,0,0,0,0,0,0,0,0,0,0,0,0,0,0,0,0,0.000933214314696097,0.000677048070412999,0,0,0,0,0,0,0,"Bacteria","Proteobacteria","Gammaproteobacteria","Burkholderiales","Sutterellaceae"
"Symbiobacteraceae",0,0,0,0,0,0,0,0,0,0,0,0,0,0,0,0,0,0,0,0,0,0.000365336840567003,0,0,0,0,"Bacteria","Firmicutes","Symbiobacteriia","Symbiobacteriales","Symbiobacteraceae"
"Syntrophaceae",0,0,0,0,0,0,0,0,0,0,0,0,0,0,0,0,0,0,0.000253893026404875,0,0,0,0,0,0,0,"Bacteria","Desulfobacterota","Syntrophia","Syntrophales","Syntrophaceae"
"T34",0,0,0,0,0,0,0,0,0,0,0,0,0,0,0,0,0,0,0,0.000171091277196384,0,0,0,0,0,0,"Bacteria","Proteobacteria","Gammaproteobacteria","Burkholderiales","T34"
"Terrimicrobiaceae",0,0,0,0,0.000336927223719677,0,0.000261670504500733,0,0,0,0,0,0,0,0,0,0,0.000243447212529417,0.000380839539607312,0,0,0,0,0,0,0,"Bacteria","Verrucomicrobiota","Verrucomicrobiae","Chthoniobacterales","Terrimicrobiaceae"
"Thermoactinomycetaceae",0,0,0,0,0,0,0,0,0,0,0,0,0,0,0,0,0,0,0,0,0,0,0.00194080543425522,0,0,0,"Bacteria","Firmicutes","Bacilli","Thermoactinomycetales","Thermoactinomycetaceae"
"Thermoanaerobaculaceae",0,0,0,0.00044762757385855,0,0,0,0,0,0.000279516994633274,0,0,0,0,0,0,0,0,0.000211577522004062,0,0,0,0,0,0,0,"Bacteria","Acidobacteriota","Thermoanaerobaculia","Thermoanaerobaculales","Thermoanaerobaculaceae"
"Thermomonosporaceae",0,0,0,0,0,0,0,0,0,0,0,0,0,0,0,0,0,0,0,0,0,0.00204588630717522,0.00260795730228045,0,0,0,"Bacteria","Actinobacteriota","Actinobacteria","Streptosporangiales","Thermomonosporaceae"
"Thiotrichaceae",0,0,0,0,0,0,0,0,0,0,0,0,0,0,0,0,0,0,0.000211577522004062,0,0,0,0,0,0,0,"Bacteria","Proteobacteria","Gammaproteobacteria","Thiotrichales","Thiotrichaceae"
"TK10",0,0.000159472677014671,0,0,0,0,0,0,0,0,0,0,0,0,0,0,0,0,0,0,0,0,0,0,0,0,"Bacteria","Chloroflexi","TK10","TK10","TK10"
"TRA3-20",0.00342502696871629,0.00624601318307463,0.00657912696896072,0.00716204118173679,0.00990566037735849,0.00830874826901078,0.00293070965040821,0.00719794344473008,0.00668896321070234,0.00301878354203936,0.00768870762853513,0.00518565941101152,0.0134494230905359,0.00471001757469244,0.00217460825071954,0.0015640551684914,0.0057924953865081,0.00247504666071574,0.00351218686526743,0.00513273831589153,0.00533517449158925,0.00957182522285547,0.00485201358563804,0.00435958280448099,0.0116748431969198,0.00121023513139696,"Bacteria","Proteobacteria","Gammaproteobacteria","Burkholderiales","TRA3-20"
"uncultured",0.0217098166127292,0.0355358281947693,0.0340968032540744,0.0489406147418681,0.0368598382749326,0.0590643626949244,0.0520724303956458,0.0424807197943445,0.0548612333509359,0.0304673524150268,0.0294176639700475,0.0340588988476312,0.0276774969915764,0.0445694200351494,0.0700351774864087,0.0615668989051614,0.0533114619643223,0.0112391463117747,0.00803994583615437,0.00145427585616927,0.00307557117750439,0.0344877977495251,0.0341460456089277,0.0424369516031124,0.0581879152952866,0.0540571692023974,"Bacteria","Armatimonadota","uncultured","uncultured","uncultured"
"Unknown",0.119795037756203,0.220896236444822,0.257350331686277,0.248134885108923,0.16300539083558,0.182852670239027,0.151402553904124,0.149293059125964,0.183535762483131,0.24815518783542,0.193956007220699,0.13854033290653,0.180717774474411,0.240351493848858,0.197249760153502,0.191241291056448,0.227445150707402,0.0184208390813925,0.016926201760325,0.00655849895919473,0.0129299522972634,0.0317843051293292,0.0342066957787482,0.170520390706915,0.16506241073092,0.170009220839096,"Unassigned",NA,NA,NA,"Unknown"
"Unknown_Family",0.00142934196332255,0.00100999362109292,0.0014195626655019,0.00343181139958221,0.00215633423180593,0.00319104100186646,0.00366338706301026,0.00224935732647815,0.00586751158833539,0.00268336314847943,0,0.00160051216389245,0.00169887449564663,0.00147627416520211,0.00223856731691717,0.00191952225223944,0.00102522042239081,0,0.0003385240352065,0,0,0,0,0.00402847524971028,0.0019872073526672,0.00213231904103273,"Bacteria","Proteobacteria","Gammaproteobacteria","Gammaproteobacteria_Incertae_Sedis","Unknown_Family"
"URHD0088",0,0,0,0,0,0,0,0,0,0.000782647584973166,0,0,0.000353932186593049,0.000421792618629174,0.000319795330988168,0,0,0,0,0,0,0,0,0,0,0,"Bacteria","Proteobacteria","Alphaproteobacteria","Elsterales","URHD0088"
"Veillonellaceae",0,0,0,0,0,0,0,0,0,0,0,0,0,0,0,0,0,0,0,0,0,0,0,0,0,0,"Bacteria","Firmicutes","Negativicutes","Veillonellales-Selenomonadales","Veillonellaceae"
"Vermiphilaceae",0,0.000212630236019562,0,0.00104446433900328,0,0,0,0,0,0,0.00193889148893495,0,0.0036101083032491,0,0,0,0,0,0,0,0,0,0,0,0,0,"Bacteria","Dependentiae","Babeliae","Babeliales","Vermiphilaceae"
"Verrucomicrobiaceae",0,0,0,0,0,0,0,0,0,0,0,0.00057618437900128,0,0,0,0,0,0.00632962752576483,0.00820920785375762,0,0.000502134069796636,0.0177553704515563,0.0169213973799127,0,0,0,"Bacteria","Verrucomicrobiota","Verrucomicrobiae","Verrucomicrobiales","Verrucomicrobiaceae"
"Vicinamibacteraceae",0.00339805825242718,0.00433234105889858,0.00406759302230351,0.00843031930766935,0.0154986522911051,0.00842916491059064,0.0052857441909148,0.0111825192802057,0.0110895969019539,0.0111247763864043,0.00982817409908404,0.00518565941101152,0.005804487860126,0.00456942003514938,0.00466901183242725,0.00696715484146168,0.00840680746360467,0.000324596283372555,0.000211577522004062,0,0,0,0.000970402717127608,0.00458032117432813,0.00968763584425262,0.00530198248040572,"Bacteria","Acidobacteriota","Vicinamibacteria","Vicinamibacterales","Vicinamibacteraceae"
"WD260",0.00434196332254585,0.0174356793536041,0.0249515437743987,0.0180543121456282,0.00599730458221024,0.00626166536215305,0.00826878794222315,0.0077120822622108,0.0067476383265857,0.00335420393559928,0.0030086247242094,0.00480153649167734,0.00247752530615134,0.0112478031634446,0.0145826670930604,0.0189819422721456,0.0109698585195817,0.000243447212529417,0,0.000171091277196384,0,0,0,0.0028695988080128,0,0,"Bacteria","Proteobacteria","Gammaproteobacteria","WD260","WD260"
"WPS-2",0,0,0,0,0,0,0,0,0,0,0,0,0.000424718623911659,0,0,0,0,0,0,0,0,0,0,0,0,0,"Bacteria","WPS-2","WPS-2","WPS-2","WPS-2"
"Xanthobacteraceae",0.00439590075512406,0.0184722517541994,0.0219759220332505,0.00902715607281409,0.0160377358490566,0.0102354145342886,0.0067510990161189,0.00989717223650386,0.00616088716775216,0.0112924865831843,0.0183860399812797,0.0028169014084507,0.0138741417144475,0.015817223198594,0.0338983050847458,0.0272287786151002,0.0278347344679106,0.000892639779274527,0,0.000171091277196384,0,0,0.00206210577389617,0.0130235638209812,0.0223560827175061,0.0160788381742739,"Bacteria","Proteobacteria","Alphaproteobacteria","Rhizobiales","Xanthobacteraceae"
"Xanthomonadaceae",0,0,0,0,0,0,0,0,0,0,0,0,0,0,0,0,0,0.000446319889637264,0.000423155044008125,0,0,0,0.000667151868025231,0,0,0,"Bacteria","Proteobacteria","Gammaproteobacteria","Xanthomonadales","Xanthomonadaceae"
"Xiphinematobacteraceae",0.000161812297734628,0,0.000163795692173296,0.00044762757385855,0,0,0,0,0,0,0.000534866617637227,0.00057618437900128,0.000353932186593049,0,0.000447713463383435,0.000497653917247263,0,0.000446319889637264,0,0,0.000502134069796636,0,0,0.000386292147232493,0,0.000461041954817888,"Bacteria","Verrucomicrobiota","Verrucomicrobiae","Chthoniobacterales","Xiphinematobacteraceae"
"Zavarziniaceae",0,0,0,0,0,0,0,0,0,0,0,0,0,0,0,0,0,0.000973788850117666,0.000634732566012187,0,0,0,0.000727802037845706,0,0,0,"Bacteria","Proteobacteria","Alphaproteobacteria","Zavarziniales","Zavarziniaceae"
