"","HRUU1","HRUU10","HRUU11","HRUU12","HRUU13","HRUU14","HRUU15","HRUU16","HRUU17","HRUU18","HRUU19","HRUU2","HRUU20","HRUU21","HRUU22","HRUU23","HRUU24","HRUU25","HRUU26","HRUU3","HRUU4","HRUU5","HRUU6","HRUU7","HRUU8","HRUU9","Domain","Phylum","Class","Order","Family","Genus"
"[Eubacterium]_eligens_group",0,0,0,0,0,0,0,0,0,0,0,0,0,0,0,0,0,0,0,0,0,0,0,0,0,0,"Bacteria","Firmicutes","Clostridia","Lachnospirales","Lachnospiraceae","[Eubacterium]_eligens_group"
"0319-6G20",0,0,0,0,0,0,0.000366338706301026,0,0.000352050695300123,0.000335420393559928,0,0,0,0,0,0,0,0,0,0,0,0,0,0,0.000310501148854251,0,"Bacteria","Bdellovibrionota","Oligoflexia","0319-6G20","0319-6G20","0319-6G20"
"11-24",0.00800970873786408,0.0101530937699341,0.00704321476345172,0.0106684571769621,0.0107142857142857,0.0134264555361551,0.00334938245760938,0.00674807197943445,0.0129672006102212,0.00737924865831843,0.0193220565621448,0.00774647887323944,0.023217951440504,0.00998242530755712,0.0250079948832747,0.0272287786151002,0.0133278654910806,0,0,0,0,0,0,0.0140168864852933,0.00465751723281376,0.00824112494236976,"Bacteria","Acidobacteriota","Blastocatellia","11-24","11-24","11-24"
"67-14",0.000161812297734628,0,0,0,0,0,0,0,0,0,0,0,0,0,0,0,0,0.000202872677107847,0,0,0,0.000584538944907204,0,0,0,0,"Bacteria","Actinobacteriota","Thermoleophilia","Solirubrobacterales","67-14","67-14"
"966-1",0,0,0,0,0,0,0,0,0,0,0,0,0,0,0,0,0,0.000649192566745111,0.00050778605280975,0,0,0,0,0,0,0,"Bacteria","Proteobacteria","Gammaproteobacteria","Burkholderiales","Nitrosomonadaceae","966-1"
"A0839",0.000161812297734628,0.000584733149053795,0.000791679178837597,0.00164130110414802,0.000943396226415094,0.00102354145342886,0.00183169353150513,0.00122107969151671,0.000410725811183477,0,0.00080229992645584,0.000448143405889885,0.00276067105542578,0.00119507908611599,0.00185481291973137,0.00270154983648514,0.00179413573918392,0.000243447212529417,0.000253893026404875,0,0,0,0,0.00126924562662105,0.00117990436564615,0.00155601659751037,"Bacteria","Proteobacteria","Alphaproteobacteria","Rhizobiales","A0839","A0839"
"A21b",0,0,0,0,0,0,0,0,0,0,0,0,0,0,0,0,0,0,0,0,0,0,0.000363901018922853,0,0,0,"Bacteria","Proteobacteria","Gammaproteobacteria","Burkholderiales","A21b","A21b"
"A4b",0.00107874865156419,0.00438549861790347,0.00292102317709044,0.00656520441659206,0.00168463611859838,0.0101149978927088,0.0109901611890308,0.0100899742930591,0.0138473273484715,0.00978309481216458,0.00361034966905128,0.00198463508322663,0.00764493523040985,0.00471001757469244,0.0017268947873361,0.00170624200199062,0.00738158704121386,0,0,0,0,0,0,0.00579438220848739,0,0.00242047026279391,"Bacteria","Chloroflexi","Anaerolineae","SBR1031","A4b","A4b"
"Acidibacter",0.000539374325782093,0.00100999362109292,0.0014195626655019,0.00343181139958221,0.00215633423180593,0.00319104100186646,0.00366338706301026,0.00224935732647815,0.00586751158833539,0.00268336314847943,0,0.000704225352112676,0.00169887449564663,0.00147627416520211,0.00223856731691717,0.00191952225223944,0.00102522042239081,0,0,0,0,0,0,0.00402847524971028,0.0019872073526672,0.00213231904103273,"Bacteria","Proteobacteria","Gammaproteobacteria","Gammaproteobacteria_Incertae_Sedis","Unknown_Family","Acidibacter"
"Acidiphilium",0.000943905070118662,0,0,0,0,0,0,0,0,0,0,0.00147247119078105,0,0,0,0,0,0,0,0,0,0,0,0,0,0,"Bacteria","Proteobacteria","Alphaproteobacteria","Acetobacterales","Acetobacteraceae","Acidiphilium"
"Acinetobacter",0.000161812297734628,0,0,0,0,0,0,0,0,0,0,0,0,0,0,0,0.000461349190075866,0,0.000211577522004062,0,0,0.000365336840567003,0.000667151868025231,0,0,0,"Bacteria","Proteobacteria","Gammaproteobacteria","Pseudomonadales","Moraxellaceae","Acinetobacter"
"Actinoallomurus",0,0,0,0,0,0,0,0,0,0,0,0,0,0,0,0,0,0,0,0,0,0.00160748209849481,0.00188015526443474,0,0,0,"Bacteria","Actinobacteriota","Actinobacteria","Streptosporangiales","Thermomonosporaceae","Actinoallomurus"
"Actinomyces",0,0,0,0,0,0,0,0,0,0,0.000936016580865147,0,0,0,0,0,0,0,0,0,0,0,0,0,0,0,"Bacteria","Actinobacteriota","Actinobacteria","Actinomycetales","Actinomycetaceae","Actinomyces"
"ADurb.Bin063-1",0,0,0,0,0,0,0,0,0,0,0,0,0,0,0,0,0,0,0.000211577522004062,0,0,0,0,0,0,0,"Bacteria","Verrucomicrobiota","Verrucomicrobiae","Pedosphaerales","Pedosphaeraceae","ADurb.Bin063-1"
"Aerococcus",0,0,0,0,0,0,0,0,0,0,0,0,0,0,0,0,0,0,0,0,0,0,0,0,0,0,"Bacteria","Firmicutes","Bacilli","Lactobacillales","Aerococcaceae","Aerococcus"
"Afipia",0,0,0,0,0,0,0,0,0,0.00100626118067979,0,0,0.000778650810504707,0,0,0,0,0,0,0,0,0,0,0,0,0,"Bacteria","Proteobacteria","Alphaproteobacteria","Rhizobiales","Xanthobacteraceae","Afipia"
"AKIW659",0,0,0,0,0,0,0,0,0,0,0,0,0,0,0,0.000426560500497654,0,0,0,0,0,0,0,0.000386292147232493,0,0,"Bacteria","Acidobacteriota","Acidobacteriae","AKIW659","AKIW659","AKIW659"
"Algoriphagus",0.00040453074433657,0,0,0,0,0,0,0,0,0,0,0.00134443021766965,0,0,0,0,0,0.000202872677107847,0,0.000399212980124897,0.00138086869194075,0,0.00175885492479379,0,0,0,"Bacteria","Bacteroidota","Bacteroidia","Cytophagales","Cyclobacteriaceae","Algoriphagus"
"Allocatelliglobosispora",0,0,0,0,0,0,0,0,0,0,0,0,0,0,0,0,0,0,0,0,0,0,0.000363901018922853,0,0,0,"Bacteria","Actinobacteriota","Actinobacteria","Micromonosporales","Micromonosporaceae","Allocatelliglobosispora"
"Allorhizobium-Neorhizobium-Pararhizobium-Rhizobium",0,0,0,0,0,0,0,0,0,0,0,0,0,0,0,0,0,0,0,0,0,0,0.000545851528384279,0,0,0,"Bacteria","Proteobacteria","Alphaproteobacteria","Rhizobiales","Rhizobiaceae","Allorhizobium-Neorhizobium-Pararhizobium-Rhizobium"
"alphaI_cluster",0.00142934196332255,0,0.000136496410144413,0,0,0,0,0,0,0,0.00167145818011633,0.00185659411011524,0,0,0,0.000497653917247263,0,0.00271849387324515,0.00165030467163169,0.000484758618723089,0,0.00204588630717522,0,0,0.000745202757250202,0,"Bacteria","Proteobacteria","Alphaproteobacteria","Rhizobiales","Beijerinckiaceae","alphaI_cluster"
"Alsobacter",0.00148327939590076,0.00146183287263449,0.00106467199912642,0.00223813786929275,0.00121293800539084,0.00198687458606779,0.00230270043960645,0.00231362467866324,0.0053394355453852,0.00564624329159213,0.00374406632346059,0.00256081946222791,0.0021943795568769,0.00393673110720562,0,0,0.00312692228829198,0,0.000592417061611374,0,0,0,0,0.00242812206831853,0.00298081102900081,0.00184416781927155,"Bacteria","Proteobacteria","Alphaproteobacteria","Rhizobiales","Rhizobiales_Incertae_Sedis","Alsobacter"
"Altererythrobacter",0,0,0,0,0,0,0.000314004605400879,0,0,0,0,0.00089628681177977,0,0,0,0,0,0.00166355595228435,0.00283513879485443,0,0,0.00504164839982464,0.00503396409509947,0,0,0,"Bacteria","Proteobacteria","Alphaproteobacteria","Sphingomonadales","Sphingomonadaceae","Altererythrobacter"
"Amnipila",0,0,0,0,0,0,0,0,0,0,0,0,0,0,0,0,0,0,0,0,0,0,0,0,0,0,"Bacteria","Firmicutes","Clostridia","Peptostreptococcales-Tissierellales","Anaerovoracaceae","Amnipila"
"Anaerolineae",0.000943905070118662,0.00103657240059536,0.00232043897245502,0.00343181139958221,0.0043800539083558,0.00427479077608525,0.00251203684320703,0.00282776349614396,0.00146687789708385,0.000838550983899821,0,0.00256081946222791,0.0021943795568769,0.00302284710017575,0,0.00106640125124413,0.00358827147836785,0,0,0,0,0,0,0.00231775288339496,0.00546482021983481,0.00213231904103273,"Bacteria","Chloroflexi","Anaerolineae","Anaerolineae","Anaerolineae","Anaerolineae"
"Anaeromyxobacter",0,0,0,0,0,0,0,0,0,0,0,0,0,0,0,0,0,0.000202872677107847,0,0,0,0,0,0,0,0,"Bacteria","Myxococcota","Myxococcia","Myxococcales","Anaeromyxobacteraceae","Anaeromyxobacter"
"Aquabacterium",0,0,0,0,0,0,0,0,0,0,0,0,0,0,0,0,0,0,0.000634732566012187,0,0,0,0,0,0,0,"Bacteria","Proteobacteria","Gammaproteobacteria","Burkholderiales","Comamonadaceae","Aquabacterium"
"Aquicella",0.00040453074433657,0.00055815436955135,0.000436788512462122,0.00104446433900328,0.000808625336927224,0.000602083207899332,0.000261670504500733,0,0.00117350231766708,0.000614937388193202,0.00140402487129772,0,0.00134494230905359,0.000351493848857645,0,0.000995307834494526,0,0.000486894425058833,0,0,0.000376600552347477,0.000803741049247406,0.00139495390587094,0,0.000807302987021052,0.000749193176579069,"Bacteria","Proteobacteria","Gammaproteobacteria","Diplorickettsiales","Diplorickettsiaceae","Aquicella"
"Arenimonas",0,0,0,0,0,0,0,0,0,0,0,0,0,0,0,0,0,0.000446319889637264,0.000423155044008125,0,0,0,0.000667151868025231,0,0,0,"Bacteria","Proteobacteria","Gammaproteobacteria","Xanthomonadales","Xanthomonadaceae","Arenimonas"
"Armatimonadales",0.00194174757281553,0.00162130554964916,0,0,0,0.00258895779396713,0.00109901611890308,0,0.00528076042950185,0.00575805008944544,0.00147088319850237,0.00550576184379001,0.00184044737028385,0.00133567662565905,0.0013431403901503,0.00149296175174179,0.0011277424646299,0,0,0,0,0,0,0.00148998399646819,0.00130410482518785,0.00409174734900876,"Bacteria","Armatimonadota","Armatimonadia","Armatimonadales","Armatimonadales","Armatimonadales"
"Armatimonas",0.00242718446601942,0.00191367212417606,0,0,0.00154986522911051,0.00301041603949666,0.000837345614402345,0.00089974293059126,0.00580883647245203,0.00547853309481216,0.00274119141539079,0.00224071702944942,0.00339774899129327,0.000421792618629174,0.000639590661976335,0.000924214417744917,0,0.000973788850117666,0.00131178063642519,0,0,0,0,0.00182109155123889,0,0.00259336099585062,"Bacteria","Armatimonadota","Armatimonadia","Armatimonadales","Armatimonadaceae","Armatimonas"
"Aurantimicrobium",0.00658036677454153,0.000239209015522007,0,0,0.000471698113207547,0,0,0,0.00181892859238397,0.00162119856887299,0.00254061643377683,0.00672215108834827,0.00120336943441637,0,0.000831467860569236,0,0,0.0218696745922259,0.022342586323629,0.008012774815364,0.0088501129801657,0.0211895367528862,0.0144953905870936,0,0.000869403216791902,0.000691562932226833,"Bacteria","Actinobacteriota","Actinobacteria","Micrococcales","Microbacteriaceae","Aurantimicrobium"
"B1-7BS",0.0017529665587918,0.00353497767382522,0.0026753296388305,0.00686362279916443,0.0057277628032345,0.00252874947317719,0.00471006908101319,0.00764781491002571,0.0068649885583524,0.00777057245080501,0.00080229992645584,0.00396927016645326,0.00318538967933744,0.0043585237258348,0.00364566677326511,0.00504763258922224,0.000768915316793111,0.000284021747950986,0,0,0,0,0,0.00463550576678991,0.00360181332670931,0.00553250345781466,"Bacteria","Proteobacteria","Gammaproteobacteria","Burkholderiales","B1-7BS","B1-7BS"
"Bacillus",0,0,0,0,0,0,0.000261670504500733,0,0,0,0,0,0,0,0,0,0,0,0,0,0,0,0,0,0,0,"Bacteria","Firmicutes","Bacilli","Bacillales","Bacillaceae","Bacillus"
"Bacteroidetes_vadinHA17",0,0,0,0,0,0,0,0,0,0,0,0,0,0,0,0,0,0,0.000253893026404875,0,0,0,0,0,0,0,"Bacteria","Bacteroidota","Bacteroidia","Bacteroidales","Bacteroidetes_vadinHA17","Bacteroidetes_vadinHA17"
"Bauldia",0.000188781014023732,0.000664469487561131,0.000573284922606535,0.00201432408236347,0.00242587601078167,0.00270937443554699,0.00141302072430396,0.00160668380462725,0,0.000279516994633274,0.00080229992645584,0,0.0014157287463722,0.00210896309314587,0.00275023984649824,0.00255936300298592,0.00158909165470576,0,0,0,0,0,0,0.00176590695877711,0.00204930758243806,0.00115260488704472,"Bacteria","Proteobacteria","Alphaproteobacteria","Rhizobiales","Rhizobiales_Incertae_Sedis","Bauldia"
"BD1-7_clade",0,0,0,0,0,0,0,0,0,0,0,0,0,0,0,0,0,0.00223159944818632,0.00122714962762356,0,0.000313833793622897,0.000876808417360807,0.00121300339640951,0,0,0,"Bacteria","Proteobacteria","Gammaproteobacteria","Pseudomonadales","Spongiibacteraceae","BD1-7_clade"
"BD72BR169",0.000134843581445523,0,0,0,0.000336927223719677,0,0,0,0.000469400927066831,0,0,0,0.000495505061230268,0.00070298769771529,0,0.000497653917247263,0,0,0,0,0,0,0,0,0.000434701608395951,0,"Bacteria","Proteobacteria","Gammaproteobacteria","BD72BR169","BD72BR169","BD72BR169"
"Bdellovibrio",0,0,0,0,0,0,0,0.00038560411311054,0,0,0.000334291636023267,0.000448143405889885,0.000637077935867488,0,0,0.000355467083748045,0,0,0,0,0,0,0,0,0,0,"Bacteria","Bdellovibrionota","Bdellovibrionia","Bdellovibrionales","Bdellovibrionaceae","Bdellovibrio"
"Bifidobacterium",0,0,0,0,0,0,0,0,0,0,0,0,0,0,0,0,0,0.000405745354215694,0,0,0,0,0,0,0,0,"Bacteria","Actinobacteriota","Actinobacteria","Bifidobacteriales","Bifidobacteriaceae","Bifidobacterium"
"BIyi10",0,0,0,0,0,0,0,0,0,0,0,0,0,0,0,0,0,0.000405745354215694,0,0,0,0,0,0,0,0,"Bacteria","Proteobacteria","Gammaproteobacteria","Pseudomonadales","Pseudohongiellaceae","BIyi10"
"Blastocatella",0.0323354908306365,0.0104720391239634,0.0180721247031203,0.0590868397493286,0.0245956873315364,0.0115599975916672,0.0211429767636592,0.0174164524421594,0,0,0.00213946647054891,0.0087067861715749,0.00247752530615134,0.041195079086116,0.0314678605692357,0.0277975259490971,0.0114312077096576,0,0,0,0,0,0,0.0180453617350036,0.0177606657144631,0.0221876440756109,"Bacteria","Acidobacteriota","Blastocatellia","Blastocatellales","Blastocatellaceae","Blastocatella"
"Blastomonas",0.00609492988133765,0,0,0.00462548492987168,0,0,0,0,0,0.00503130590339893,0.00762184930133048,0.00390524967989757,0.00814044029164012,0.0053427065026362,0,0,0,0,0,0,0,0,0,0,0,0,"Bacteria","Proteobacteria","Alphaproteobacteria","Sphingomonadales","Sphingomonadaceae","Blastomonas"
"Blfdi19",0,0,0,0,0,0,0.000418672807201172,0,0.000293375579416769,0,0,0,0,0,0,0,0,0,0,0,0,0,0,0,0,0,"Bacteria","Myxococcota","Polyangia","Blfdi19","Blfdi19","Blfdi19"
"Bosea",0.000458468176914779,0.000398681692536679,0.000600584204635418,0.00126827812593256,0,0.00102354145342886,0.000889679715302491,0.00102827763496144,0,0,0.00080229992645584,0.000640204865556978,0.000849437247823317,0.00105448154657294,0.00159897665494084,0.0015640551684914,0.000973959401271273,0,0,0,0,0,0,0,0,0.000749193176579069,"Bacteria","Proteobacteria","Alphaproteobacteria","Rhizobiales","Beijerinckiaceae","Bosea"
"Bradyrhizobium",0,0,0,0,0,0,0,0.00044987146529563,0,0,0.00240689977936752,0,0,0,0.0187400063959066,0.0148585241006683,0.00522862415419315,0.000405745354215694,0,0,0,0,0,0,0,0,"Bacteria","Proteobacteria","Alphaproteobacteria","Rhizobiales","Xanthobacteraceae","Bradyrhizobium"
"Brevundimonas",0,0,0,0,0,0,0,0,0,0,0,0,0,0,0,0,0,0,0,0,0,0,0.000303250849102377,0,0,0,"Bacteria","Proteobacteria","Alphaproteobacteria","Caulobacterales","Caulobacteraceae","Brevundimonas"
"Bryobacter",0.0230582524271845,0.0836168403146928,0.0847096721356228,0.0440913160250671,0.0398247978436658,0.076584984044795,0.0679296629683902,0.0832262210796915,0.071290265798275,0.0731775491949911,0.0748144681420071,0.0465428937259923,0.0724853118142564,0.0447100175746924,0.0868564118963863,0.0873027157685198,0.0709452532294443,0,0,0,0,0,0,0.0790795209977374,0.0681239520586226,0.0593591516828031,"Bacteria","Acidobacteriota","Acidobacteriae","Bryobacterales","Bryobacteraceae","Bryobacter"
"C39",0,0,0,0,0,0,0,0,0,0,0,0,0,0,0,0,0,0.00068976710216668,0.000677048070412999,0.000228121702928512,0,0,0,0,0,0,"Bacteria","Proteobacteria","Gammaproteobacteria","Burkholderiales","Rhodocyclaceae","C39"
"Candidatus_Accumulibacter",0,0,0,0,0,0,0,0,0,0,0,0,0,0,0,0,0,0.000770916173009819,0,0,0,0,0,0,0,0,"Bacteria","Proteobacteria","Gammaproteobacteria","Burkholderiales","Rhodocyclaceae","Candidatus_Accumulibacter"
"Candidatus_Competibacter",0,0,0,0,0,0,0,0,0,0,0,0,0,0,0,0,0,0.000324596283372555,0,0,0,0.000584538944907204,0.000363901018922853,0,0,0,"Bacteria","Proteobacteria","Gammaproteobacteria","Competibacterales","Competibacteraceae","Candidatus_Competibacter"
"Candidatus_Limnoluna",0,0,0,0,0,0,0,0,0,0,0,0,0,0,0,0,0,0.00101436338553924,0.000719363574813812,0,0,0,0.0100072780203785,0,0,0,"Bacteria","Actinobacteriota","Actinobacteria","Micrococcales","Microbacteriaceae","Candidatus_Limnoluna"
"Candidatus_Megaira",0,0.000132893897512226,0,0,0,0,0,0,0,0.000335420393559928,0,0.00057618437900128,0,0,0,0,0,0.000811490708431388,0,8.55456385981921e-05,0,0,0,0,0,0,"Bacteria","Proteobacteria","Alphaproteobacteria","Rickettsiales","Rickettsiaceae","Candidatus_Megaira"
"Candidatus_Metachlamydia",0,0,0,0,0,0,0,0,0,0,0,0,0,0,0,0,0,0,0,0,0,0,0.000485201358563804,0,0,0,"Bacteria","Verrucomicrobiota","Chlamydiae","Chlamydiales","Parachlamydiaceae","Candidatus_Metachlamydia"
"Candidatus_Methylopumilus",0.00614886731391586,0.000930257282585584,0.000464087794491005,0,0.00141509433962264,0.00174604130290806,0.00172702532970484,0.00186375321336761,0.00269905533063428,0.00184481216457961,0.00167145818011633,0.00473751600512164,0.00205280668223968,0,0,0,0,0.00426032621926479,0.00330060934326337,0.0101514157803188,0.00740647752950038,0.00964489259096887,0.0131004366812227,0.00148998399646819,0.00229770850152146,0,"Bacteria","Proteobacteria","Gammaproteobacteria","Burkholderiales","Methylophilaceae","Candidatus_Methylopumilus"
"Candidatus_Nitrotoga",0,0,0,0,0,0,0,0,0,0,0,0,0,0,0,0,0,0.00332711190456869,0,0,0,0,0,0,0,0,"Bacteria","Proteobacteria","Gammaproteobacteria","Burkholderiales","Gallionellaceae","Candidatus_Nitrotoga"
"Candidatus_Ovatusbacter",0,0,0,0,0,0,0,0,0,0,0,0,0,0,0,0,0,0,0.0003385240352065,0,0,0,0,0,0,0,"Bacteria","Proteobacteria","Gammaproteobacteria","Gammaproteobacteria_Incertae_Sedis","Unknown_Family","Candidatus_Ovatusbacter"
"Candidatus_Paracaedibacter",0,0.000797363385073357,0.000327591384346592,0,0.00141509433962264,0.00222770786922753,0.00125601842160352,0,0,0,0.00474694123153039,0.000320102432778489,0.00283145749274439,0,0.0015350175887432,0.00163514858524101,0.000307566126717244,0,0,0,0,0,0,0.00137961481154462,0,0,"Bacteria","Proteobacteria","Alphaproteobacteria","Paracaedibacterales","Paracaedibacteraceae","Candidatus_Paracaedibacter"
"Candidatus_Planktoluna",0.00196871628910464,0.000239209015522007,0,0,0,0.0012643747365886,0.0014653548252041,0.00109254498714653,0,0,0.000668583272046533,0.00409731113956466,0.0014157287463722,0,0,0,0,0.0134301712245395,0.0159952606635071,0.0025378539450797,0.00514687421541552,0.00957182522285547,0.00661086851043183,0,0,0,"Bacteria","Actinobacteriota","Actinobacteria","Micrococcales","Microbacteriaceae","Candidatus_Planktoluna"
"Candidatus_Planktophila",0.0583872707659115,0.0025249840527323,0.000955474871010892,0.000746045956430916,0.00121293800539084,0,0.00319238015490894,0.00044987146529563,0,0,0,0.00685019206145967,0.0036101083032491,0,0,0.000924214417744917,0,0.0346100787145987,0.0850118483412322,0.0993184864125011,0.00433090635199598,0.0230162209557212,0.0100679281901989,0,0.00695522573433522,0,"Bacteria","Actinobacteriota","Actinobacteria","Frankiales","Sporichthyaceae","Candidatus_Planktophila"
"Candidatus_Rhabdochlamydia",0,0,0,0,0,0,0,0,0,0,0,0,0,0,0,0,0,0,0.000803994583615437,0,0,0,0.000363901018922853,0,0,0,"Bacteria","Verrucomicrobiota","Chlamydiae","Chlamydiales","Simkaniaceae","Candidatus_Rhabdochlamydia"
"Candidatus_Solibacter",0,0,0,0.000522232169501641,0,0.000301041603949666,0,0,0,0,0,0,0,0,0.000511672529581068,0.000782027584245699,0.000410088168956326,0,0,0,0,0,0,0,0,0.000403411710465652,"Bacteria","Acidobacteriota","Acidobacteriae","Solibacterales","Solibacteraceae","Candidatus_Solibacter"
"Candidatus_Udaeobacter",0.00536677454153182,0.016771209866043,0.00384919876607245,0.00298418382572366,0.0190700808625337,0.00794749834427118,0.0216139836717605,0.0159383033419023,0.000645426274716893,0,0.0341646052015779,0.00480153649167734,0.0404898421462448,0,0.000511672529581068,0.000639840750746481,0.00502358006971499,0,0,0,0,0,0,0.00546327465371668,0.0170154629572129,0.0273167358229599,"Bacteria","Verrucomicrobiota","Verrucomicrobiae","Chthoniobacterales","Chthoniobacteraceae","Candidatus_Udaeobacter"
"Candidatus_Xiphinematobacter",0.000161812297734628,0,0.000163795692173296,0.00044762757385855,0,0,0,0,0,0,0.000534866617637227,0.00057618437900128,0.000353932186593049,0,0.000447713463383435,0.000497653917247263,0,0.000446319889637264,0,0,0.000502134069796636,0,0,0.000386292147232493,0,0.000461041954817888,"Bacteria","Verrucomicrobiota","Verrucomicrobiae","Chthoniobacterales","Xiphinematobacteraceae","Candidatus_Xiphinematobacter"
"Candidatus_Yanofskybacteria",0,0,0,0,0,0,0,0,0,0,0,0,0,0,0,0,0,0,0,0,0.000690434345970374,0,0,0,0,0,"Bacteria","Patescibacteria","Parcubacteria","Candidatus_Yanofskybacteria","Candidatus_Yanofskybacteria","Candidatus_Yanofskybacteria"
"Candidatus_Zambryskibacteria",0.000269687162891046,0,0,0,0,0,0,0,0,0,0,0.000768245838668374,0,0,0,0,0,0,0,0.00108357808891043,0.000439367311072056,0.000511471576793804,0.000485201358563804,0,0,0,"Bacteria","Patescibacteria","Parcubacteria","Candidatus_Zambryskibacteria","Candidatus_Zambryskibacteria","Candidatus_Zambryskibacteria"
"Capnocytophaga",0,0,0,0,0,0,0,0,0,0,0,0,0,0,0,0,0,0,0,0,0,0,0,0,0,0,"Bacteria","Bacteroidota","Bacteroidia","Flavobacteriales","Flavobacteriaceae","Capnocytophaga"
"Catellicoccus",0,0,0,0,0,0,0,0,0,0,0,0,0,0,0,0,0,0.000284021747950986,0,0,0,0,0,0,0,0,"Bacteria","Firmicutes","Bacilli","Lactobacillales","Catellicoccaceae","Catellicoccus"
"Caulobacter",0.000269687162891046,0,0,0,0,0,0,0,0,0,0,0.000768245838668374,0,0,0,0,0,0.00231274851902946,0.00228503723764387,0.000684365108785537,0.00131810193321617,0.00752593891568026,0.00794517224648229,0,0,0,"Bacteria","Proteobacteria","Alphaproteobacteria","Caulobacterales","Caulobacteraceae","Caulobacter"
"CCD24",0.000134843581445523,0.000691048267063576,0,0.00261116084750821,0.00121293800539084,0.00186645794448793,0.00167469122880469,0.00237789203084833,0.00575016135656868,0.00441636851520572,0.00508123286755365,0,0.00453033198839102,0.00210896309314587,0.0017268947873361,0.0023460827527371,0,0,0,0,0,0,0,0,0.000496801838166801,0.000403411710465652,"Bacteria","Proteobacteria","Gammaproteobacteria","CCD24","CCD24","CCD24"
"Cellvibrio",0,0,0,0,0,0,0,0,0,0,0,0,0,0,0,0,0,0.000324596283372555,0.000296208530805687,0,0,0.000438404208680403,0.000667151868025231,0,0,0,"Bacteria","Proteobacteria","Gammaproteobacteria","Pseudomonadales","Cellvibrionaceae","Cellvibrio"
"Cephaloticoccus",0,0,0,0,0,0,0,0,0,0,0,0,0,0,0,0,0,0.000202872677107847,0,0,0,0,0,0,0,0,"Bacteria","Verrucomicrobiota","Verrucomicrobiae","Opitutales","Opitutaceae","Cephaloticoccus"
"Cerasicoccus",0,0,0,0,0,0,0,0,0,0,0.00173831650732099,0.000320102432778489,0,0,0.000319795330988168,0,0,0,0,0,0,0,0,0,0,0,"Bacteria","Verrucomicrobiota","Verrucomicrobiae","Opitutales","Puniceicoccaceae","Cerasicoccus"
"Chloroplast",0,0,0,0,0,0,0,0,0,0,0,0.000768245838668374,0,0,0,0,0,0.013470745759961,0.016926201760325,0.000598819470187345,0.000627667587245795,0.026085050416484,0.00515526443474042,0,0,0,"Bacteria","Cyanobacteria","Cyanobacteriia","Chloroplast","Chloroplast","Chloroplast"
"Chthoniobacter",0.00035059331175836,0,0,0,0,0,0,0,0,0,0,0,0,0,0,0,0,0.002921366550353,0.00241198375084631,0,0,0.00226508841151542,0.00127365356622999,0,0,0,"Bacteria","Verrucomicrobiota","Verrucomicrobiae","Chthoniobacterales","Chthoniobacteraceae","Chthoniobacter"
"Chthonobacter",0,0,0,0,0,0,0,0,0,0,0,0,0,0,0,0,0,0.000202872677107847,0,0,0,0,0,0,0,0,"Bacteria","Proteobacteria","Alphaproteobacteria","Rhizobiales","Pleomorphomonadaceae","Chthonobacter"
"Chthonomonadales",0.00266990291262136,0.000159472677014671,0.000191094974202178,0.000969859743360191,0,0.000481666566319465,0.000942013816202638,0,0,0.000670840787119857,0.00260747476098148,0.00710627400768246,0.00205280668223968,0.00274165202108963,0.00179085385353374,0.000426560500497654,0.00102522042239081,0,0,0,0,0,0,0.00126924562662105,0.0013662050549587,0.000403411710465652,"Bacteria","Armatimonadota","Chthonomonadetes","Chthonomonadales","Chthonomonadales","Chthonomonadales"
"Chthonomonas",0.00663430420711974,0.00358813523283011,0.00163795692173296,0.0052969262906595,0.00923180592991914,0.010777289421398,0.00785011513502198,0.00816195372750643,0.00704101390600246,0.0101185152057245,0.00554924115798623,0.0160051216389245,0.00714943016917959,0.0135676625659051,0.00914614646626159,0.0103085454286933,0.0112261636251794,0,0,0,0,0,0,0.0185972076596214,0.0144693535366081,0.012217611802674,"Bacteria","Armatimonadota","Chthonomonadetes","Chthonomonadales","Chthonomonadaceae","Chthonomonas"
"CL500-29_marine_group",0.00439590075512406,0.00332234743780566,0.00305751958723486,0,0,0.00367270756818592,0.00596608750261671,0.00327763496143959,0.00434195857536819,0.00251565295169946,0,0.00556978233034571,0,0,0.00338983050847458,0.00220389591923788,0.00394709862620463,0.00904812139900998,0.0124407582938389,0.000912486811714049,0.00163193572683907,0.0130790588922987,0.0096433770014556,0.00419402902709563,0.00465751723281376,0.00478331028123559,"Bacteria","Actinobacteriota","Acidimicrobiia","Microtrichales","Ilumatobacteraceae","CL500-29_marine_group"
"Clade_III",0,0,0,0,0,0,0,0,0,0,0,0,0,0,0,0,0,0,0,0.00245230830648151,0.00583730856138589,0.000657606313020605,0,0,0,0,"Bacteria","Proteobacteria","Alphaproteobacteria","SAR11_clade","Clade_III","Clade_III"
"Clostridioides",0,0,0,0,0,0,0,0,0,0,0,0,0,0,0,0,0,0,0,0,0,0.00138827999415461,0,0,0,0,"Bacteria","Firmicutes","Clostridia","Peptostreptococcales-Tissierellales","Peptostreptococcaceae","Clostridioides"
"Clostridium_sensu_stricto_1",0,0,0,0,0,0,0,0,0,0,0,0,0,0,0,0,0,0.000608618031323541,0.000465470548408937,0,0,0,0.000970402717127608,0,0,0,"Bacteria","Firmicutes","Clostridia","Clostridiales","Clostridiaceae","Clostridium_sensu_stricto_1"
"Collinsella",0,0,0,0,0,0,0,0,0,0,0,0,0,0,0,0,0,0,0,0,0,0,0.000424551188743328,0,0,0,"Bacteria","Actinobacteriota","Coriobacteriia","Coriobacteriales","Coriobacteriaceae","Collinsella"
"Corynebacterium",0,0,0,0,0,0,0,0,0,0,0,0,0,0,0,0,0,0.000324596283372555,0.000296208530805687,0,0,0,0,0,0,0,"Bacteria","Actinobacteriota","Actinobacteria","Corynebacteriales","Corynebacteriaceae","Corynebacterium"
"Coxiella",0,0,0,0,0,0,0,0,0.000469400927066831,0.000279516994633274,0,0,0,0,0,0,0,0,0,0,0,0,0,0,0,0,"Bacteria","Proteobacteria","Gammaproteobacteria","Coxiellales","Coxiellaceae","Coxiella"
"Crenothrix",0,0,0,0,0,0,0,0,0.000293375579416769,0,0,0,0,0,0,0,0,0.00154183234601964,0,0,0,0,0.00175885492479379,0,0,0,"Bacteria","Proteobacteria","Gammaproteobacteria","Methylococcales","Methylomonadaceae","Crenothrix"
"Cutibacterium",0,0,0,0,0,0,0,0,0,0,0,0,0,0,0,0,0,0,0,0,0,0,0,0,0,0,"Bacteria","Actinobacteriota","Actinobacteria","Propionibacteriales","Propionibacteriaceae","Cutibacterium"
"cvE6",0,0,0,0,0,0,0,0,0,0,0,0.000640204865556978,0,0,0,0,0,0.00109551245638237,0.002031144211239,0,0,0.000584538944907204,0.00115235322658903,0,0,0,"Bacteria","Verrucomicrobiota","Chlamydiae","Chlamydiales","cvE6","cvE6"
"Cyanobium_PCC-6307",0,0,0,0,0,0,0,0,0,0,0,0,0,0,0,0,0,0,0,0,0,0,0.000970402717127608,0,0,0,"Bacteria","Cyanobacteria","Cyanobacteriia","Synechococcales","Cyanobiaceae","Cyanobium_PCC-6307"
"Dechloromonas",0,0,0,0,0,0,0,0,0,0,0,0,0,0,0,0,0,0.00263734480240201,0,0,0,0,0.00776322173702086,0,0,0,"Bacteria","Proteobacteria","Gammaproteobacteria","Burkholderiales","Rhodocyclaceae","Dechloromonas"
"Deefgea",0.000134843581445523,0,0,0,0,0,0,0,0,0,0,0,0,0,0,0,0,0.000243447212529417,0,0,0,0,0,0,0,0,"Bacteria","Proteobacteria","Gammaproteobacteria","Burkholderiales","Chitinibacteraceae","Deefgea"
"Deinococcus",0,0,0,0,0,0,0,0,0,0,0.00040114996322792,0,0,0,0,0,0,0,0,0,0,0,0,0,0,0,"Bacteria","Deinococcota","Deinococci","Deinococcales","Deinococcaceae","Deinococcus"
"Desulfatiglans",0,0,0,0,0,0,0,0,0,0,0,0,0,0,0,0,0,0.000243447212529417,0,0,0,0,0,0,0,0,"Bacteria","Desulfobacterota","Desulfobacteria","Desulfatiglandales","Desulfatiglandaceae","Desulfatiglans"
"Dinghuibacter",0,0,0,0,0,0,0,0.00032133676092545,0,0,0,0,0,0,0,0,0,0,0,0,0,0,0,0,0,0,"Bacteria","Bacteroidota","Bacteroidia","Chitinophagales","Chitinophagaceae","Dinghuibacter"
"Dongia",0,0,0,0,0,0,0,0,0,0,0,0,0,0,0,0,0,0,0.000211577522004062,0,0,0,0,0,0,0,"Bacteria","Proteobacteria","Alphaproteobacteria","Dongiales","Dongiaceae","Dongia"
"DSSD61",0,0,0,0,0,0,0,0,0,0,0,0,0,0,0,0,0,0.000324596283372555,0.000253893026404875,0,0,0,0,0,0,0,"Bacteria","Proteobacteria","Gammaproteobacteria","Burkholderiales","Nitrosomonadaceae","DSSD61"
"Duganella",0,0,0,0,0,0,0,0,0,0,0,0,0,0,0,0,0,0.00154183234601964,0.001354096140826,0.000598819470187345,0.000690434345970374,0,0.00127365356622999,0,0,0,"Bacteria","Proteobacteria","Gammaproteobacteria","Burkholderiales","Oxalobacteraceae","Duganella"
"Edaphobaculum",0,0,0,0,0,0,0,0,0,0,0,0,0,0,0,0,0,0.000405745354215694,0.000465470548408937,0,0,0,0,0,0,0,"Bacteria","Bacteroidota","Bacteroidia","Chitinophagales","Chitinophagaceae","Edaphobaculum"
"Elev-16S-1166",0.00817152103559871,0.0380608122475016,0.0406213316589774,0.00208892867800657,0.0133423180592992,0.012583539045096,0.00847812434582374,0.0115038560411311,0.00880126738250308,0.00832960644007156,0.0488065788593969,0.0107554417413572,0.04225950307921,0.000632688927943761,0.0197633514550688,0.0183421015213991,0.0127639942587656,0,0,0,0,0,0,0.0125820870812869,0.00707942619387692,0.00720378054402951,"Bacteria","Acidobacteriota","Acidobacteriae","Elev-16S-1166","Elev-16S-1166","Elev-16S-1166"
"Ellin6067",0.000728155339805825,0.00276419306825431,0.00131036553738637,0.00283497463443748,0.00256064690026954,0.00210729122764766,0.00355871886120996,0.0032133676092545,0.000938801854133662,0.00201252236135957,0.00447950792271177,0.00185659411011524,0.00545055567353295,0.00386643233743409,0.00191877198592901,0.00334139058723162,0.00379331556284601,0,0.00186188219363575,0,0,0.00211895367528862,0,0.00198664532862425,0.00422281562441781,0.00178653757491932,"Bacteria","Proteobacteria","Gammaproteobacteria","Burkholderiales","Nitrosomonadaceae","Ellin6067"
"Emticicia",0.00040453074433657,0,0,0,0,0,0,0,0,0,0,0.00102432778489117,0,0,0,0,0,0.00235332305445103,0.00224272173324306,0.00028515212866064,0.000439367311072056,0.00204588630717522,0.000970402717127608,0,0,0,"Bacteria","Bacteroidota","Bacteroidia","Cytophagales","Spirosomaceae","Emticicia"
"env.OPS_17",0.00304746494066882,0.000398681692536679,0,0.00044762757385855,0,0.000481666566319465,0,0.00077120822622108,0.00111482720178372,0.0012298747763864,0.00521494952196296,0.0057618437900128,0.000991010122460537,0.00119507908611599,0.000511672529581068,0.000782027584245699,0,0.00263734480240201,0.00181956668923494,0,0.00138086869194075,0.0153441473038141,0.00970402717127608,0.000441476739694277,0.000807302987021052,0,"Bacteria","Bacteroidota","Bacteroidia","Sphingobacteriales","env.OPS_17","env.OPS_17"
"Ferribacterium",0,0,0,0,0,0,0,0,0,0,0,0,0,0,0,0,0,0.000365170818794125,0,0,0,0,0,0,0,0,"Bacteria","Proteobacteria","Gammaproteobacteria","Burkholderiales","Rhodocyclaceae","Ferribacterium"
"Ferruginibacter",0.0334412081984898,0.0283064001701042,0.0456716988343207,0.0062667860340197,0.0134097035040431,0.00650249864531278,0.0214046472681599,0.0236503856041131,0.0161943319838057,0.0133609123434705,0.00661897439326068,0.0228553137003841,0.0072202166064982,0.00801405975395431,0.0197633514550688,0.0251670695293616,0.0166598318638507,0.0054369877464903,0.00465470548408937,0.00230973224215119,0.00502134069796636,0.00504164839982464,0.00527656477438137,0.00805695049942056,0.0131652487114202,0.00881742738589212,"Bacteria","Bacteroidota","Bacteroidia","Chitinophagales","Chitinophagaceae","Ferruginibacter"
"Fimbriiglobus",0.0405879180151025,0.0221401233255369,0.0130763560918348,0.0267084452402268,0.0399595687331536,0.0430489493648022,0.0438559765543228,0.0325835475578406,0.0424221087836648,0.0384615384615385,0.0211272313966705,0.0336107554417414,0.0249876123734692,0.0240421792618629,0.0187400063959066,0.0207592776908858,0.0291162599958991,0.000162298141686278,0,0,0,0,0,0.0290270956348987,0.0350866298205303,0.0520977408944214,"Bacteria","Planctomycetota","Planctomycetes","Gemmatales","Gemmataceae","Fimbriiglobus"
"Fimbriimonadaceae",0.000970873786407767,0.000345524133531788,0,0.000373022978215458,0.000404312668463612,0,0,0.00109254498714653,0.00598486182010209,0.00503130590339893,0.0010028749080698,0.00345710627400768,0.00191123380760246,0.000421792618629174,0,0.000355467083748045,0,0,0,0,0,0,0,0,0.000310501148854251,0.000749193176579069,"Bacteria","Armatimonadota","Fimbriimonadia","Fimbriimonadales","Fimbriimonadaceae","Fimbriimonadaceae"
"Flavobacterium",0.00194174757281553,0,0,0,0,0,0,0,0,0,0,0.00345710627400768,0,0,0,0,0,0.0092915686115394,0.00947867298578199,0.065898656933474,0.0303791112226965,0.0428905450825661,0.0394226103833091,0,0,0,"Bacteria","Bacteroidota","Bacteroidia","Flavobacteriales","Flavobacteriaceae","Flavobacterium"
"Flectobacillus",0,0,0,0,0,0,0,0,0,0,0,0,0,0,0,0,0,0,0.000211577522004062,0,0,0,0,0,0,0,"Bacteria","Bacteroidota","Bacteroidia","Cytophagales","Spirosomaceae","Flectobacillus"
"Fluviicola",0,0.000132893897512226,0,0,0,0,0,0,0,0,0.000735441599251187,0.000640204865556978,0,0,0,0,0,0.00275906840866672,0.003385240352065,0.000256636915794576,0,0.00431097471869063,0.0061863173216885,0,0,0,"Bacteria","Bacteroidota","Bacteroidia","Flavobacteriales","Crocinitomicaceae","Fluviicola"
"Frankiales",0,0,0,0,0,0,0,0,0,0,0,0,0,0,0,0,0,0.000608618031323541,0,0,0,0.00241122314774222,0,0,0,0,"Bacteria","Actinobacteriota","Actinobacteria","Frankiales","Frankiales","Frankiales"
"FukuN18_freshwater_group",0,0,0,0,0,0,0,0,0,0,0,0,0,0,0,0,0,0.000243447212529417,0.000380839539607312,0,0,0,0,0,0,0,"Bacteria","Verrucomicrobiota","Verrucomicrobiae","Chthoniobacterales","Terrimicrobiaceae","FukuN18_freshwater_group"
"Ga0077536",0,0.000132893897512226,0.000436788512462122,0,0,0,0,0.00077120822622108,0,0,0.00120344988968376,0.000640204865556978,0.0014865151836908,0,0.000767508794371602,0,0,0,0,0,0,0,0,0,0.000496801838166801,0.000691562932226833,"Bacteria","Proteobacteria","Gammaproteobacteria","Ga0077536","Ga0077536","Ga0077536"
"Gaiella",0,0.000132893897512226,0,0,0.000471698113207547,0.000541874887109399,0,0,0,0,0,0,0.000637077935867488,0,0,0,0,0,0.000550101557210562,0,0,0,0.00109170305676856,0.000717399702003201,0,0,"Bacteria","Actinobacteriota","Thermoleophilia","Gaiellales","Gaiellaceae","Gaiella"
"Geitlerinema_LD9",0,0,0,0,0,0,0,0,0,0,0,0.00102432778489117,0,0,0,0,0,0.000608618031323541,0.000211577522004062,0,0,0,0,0,0,0,"Bacteria","Cyanobacteria","Cyanobacteriia","Cyanobacteriales","Cyanobacteriaceae","Geitlerinema_LD9"
"Gemella",0,0,0,0,0,0,0,0,0,0,0,0,0,0,0,0,0,0,0,0,0,0,0,0,0,0,"Bacteria","Firmicutes","Bacilli","Staphylococcales","Gemellaceae","Gemella"
"Gemmata",0.00275080906148867,0.00225919625770785,0.00182905189593514,0.00641599522530588,0.0116576819407008,0.00626166536215305,0.0052857441909148,0.00526992287917738,0.0126738250308044,0.00749105545617173,0.00514809119475831,0.00768245838668374,0.00821122672895873,0.00548330404217926,0.00108730412535977,0.00135077491824257,0,0,0,0,0,0,0,0.00176590695877711,0.00577532136868906,0.00852927616413094,"Bacteria","Planctomycetota","Planctomycetes","Gemmatales","Gemmataceae","Gemmata"
"Gemmatimonas",0,0,0,0,0,0,0,0,0,0.000391323792486583,0,0,0,0,0,0.000355467083748045,0,0.000852065243852958,0.000803994583615437,0,0,0.00131521262604121,0,0,0,0,"Bacteria","Gemmatimonadota","Gemmatimonadetes","Gemmatimonadales","Gemmatimonadaceae","Gemmatimonas"
"Georgfuchsia",0,0,0,0,0,0,0,0,0,0,0.00294176639700475,0,0,0,0,0,0,0,0,0,0,0,0,0,0,0,"Bacteria","Proteobacteria","Gammaproteobacteria","Burkholderiales","Rhodocyclaceae","Georgfuchsia"
"GKS98_freshwater_group",0.00779395900755124,0.000372102913034233,0.000109197128115531,0,0,0.0012643747365886,0.000680343311701905,0,0.00134952766531714,0,0,0.00268886043533931,0,0.000210896309314587,0,0,0,0.00284021747950986,0.00300440081245768,0.0282585759502695,0.0164448907858398,0.0103755662721029,0.0106744298884037,0,0.000869403216791902,0.000749193176579069,"Bacteria","Proteobacteria","Gammaproteobacteria","Burkholderiales","Alcaligenaceae","GKS98_freshwater_group"
"GOUTA6",0,0,0,0,0,0,0,0,0,0,0,0,0,0,0,0,0,0.00068976710216668,0.00105788761002031,0,0,0,0,0,0,0,"Bacteria","Proteobacteria","Gammaproteobacteria","Burkholderiales","Nitrosomonadaceae","GOUTA6"
"GW2011_GWC1_47_15",0,0,0,0,0,0,0,0,0,0,0,0,0,0,0,0,0,0,0,0,0.000439367311072056,0,0,0,0,0,"Archaea","Nanoarchaeota","Nanoarchaeia","Woesearchaeales","GW2011_GWC1_47_15","GW2011_GWC1_47_15"
"Haliangium",0.000161812297734628,0.000398681692536679,0.000436788512462122,0,0.00121293800539084,0.000421458245529532,0,0.00089974293059126,0.000293375579416769,0,0.00588353279400949,0.000384122919334187,0.00184044737028385,0.00070298769771529,0.0013431403901503,0,0.00071765429567357,0,0,0,0,0,0,0.000331107554770708,0.000496801838166801,0.000345781466113416,"Bacteria","Myxococcota","Polyangia","Haliangiales","Haliangiaceae","Haliangium"
"Herbinix",0,0,0,0,0,0,0,0,0,0,0,0,0,0,0,0,0,0,0,0,0,0.000365336840567003,0,0,0,0,"Bacteria","Firmicutes","Clostridia","Lachnospirales","Lachnospiraceae","Herbinix"
"Herminiimonas",0,0.00116946629810759,0.000846277742895362,0.00231274246493584,0,0.00234812451080739,0.00256437094410718,0.00327763496143959,0.00393123276418471,0.00245974955277281,0.00307548305141405,0,0.002902243930063,0.00161687170474517,0,0,0,0,0,0,0,0,0,0.00231775288339496,0.00229770850152146,0,"Bacteria","Proteobacteria","Gammaproteobacteria","Burkholderiales","Oxalobacteraceae","Herminiimonas"
"hgcI_clade",0.0677454153182308,0.00228577503721029,0.000327591384346592,0,0.00256064690026954,0.00132458305737853,0.00596608750261671,0.00726221079691517,0.00498738485008508,0.00760286225402505,0.00528180784916761,0.0295134443021767,0.00460111842570963,0,0.00166293572113847,0.00163514858524101,0.00071765429567357,0.0811896453785604,0.068593432633717,0.0893096466965126,0.0682902334923425,0.0628379365775245,0.0645924308588064,0.00446995198940456,0.00534061976029311,0.00443752881512218,"Bacteria","Actinobacteriota","Actinobacteria","Frankiales","Sporichthyaceae","hgcI_clade"
"Hirschia",0.000296655879180151,0.00103657240059536,0.00122846769129972,0.00164130110414802,0.00235849056603774,0.00186645794448793,0.00240736864140674,0.00141388174807198,0.00375520741653465,0.00307468694096601,0.000936016580865147,0.00147247119078105,0.00240673886883273,0.00189806678383128,0.00166293572113847,0.00191952225223944,0.00102522042239081,0,0.000888625592417062,0,0,0,0.000485201358563804,0.00121406103415926,0.00130410482518785,0.00109497464269249,"Bacteria","Proteobacteria","Alphaproteobacteria","Caulobacterales","Hyphomonadaceae","Hirschia"
"Holophagaceae",0.000215749730312837,0.000159472677014671,0.000136496410144413,0.00044762757385855,0,0,0.000314004605400879,0.00077120822622108,0.000352050695300123,0.000782647584973166,0,0,0.000920223685141927,0,0,0,0,0,0,0,0,0,0,0,0,0.000345781466113416,"Bacteria","Acidobacteriota","Holophagae","Holophagales","Holophagaceae","Holophagaceae"
"Hyphomicrobium",0.0125674217907228,0.0141930682543058,0.0161338756790696,0.0209638913757087,0.0183962264150943,0.0226985369378048,0.0154385597655432,0.00777634961439589,0.02869213166696,0.0256037567084079,0.0125693655144748,0.0131882202304738,0.0194662702626177,0.0344463971880492,0.0210425327790214,0.0157827385184132,0.0140455197867542,0.00133895966891179,0,0,0.000690434345970374,0.00124214525792781,0.000303250849102377,0.0252193587550356,0.00403651493510526,0.00979714153988013,"Bacteria","Proteobacteria","Alphaproteobacteria","Rhizobiales","Hyphomicrobiaceae","Hyphomicrobium"
"Iamia",0,0,0,0,0,0,0,0,0,0,0,0,0,0,0,0,0,0,0,0,0,0.000876808417360807,0,0,0,0,"Bacteria","Actinobacteriota","Acidimicrobiia","Microtrichales","Iamiaceae","Iamia"
"Ilumatobacter",0,0,0,0,0,0,0,0,0,0,0,0,0,0,0,0,0,0.000446319889637264,0,0,0,0,0.000909752547307132,0,0,0,"Bacteria","Actinobacteriota","Acidimicrobiia","Microtrichales","Ilumatobacteraceae","Ilumatobacter"
"IMCC26134",0,0,0,0,0,0,0,0,0,0,0,0,0,0,0,0,0,0,0.000253893026404875,0,0,0,0,0,0,0,"Bacteria","Verrucomicrobiota","Verrucomicrobiae","Opitutales","Opitutaceae","IMCC26134"
"IMCC26207",0.000296655879180151,0,0,0,0,0,0,0,0,0,0,0,0,0,0,0,0,0.00206930130650004,0.00207345971563981,0,0,0.00248429051585562,0.00285055798156235,0,0,0,"Bacteria","Actinobacteriota","Acidimicrobiia","Microtrichales","Microtrichaceae","IMCC26207"
"IMCC26256",0.00102481121898598,0.00356155645332766,0.00278452676694603,0.00589376305580424,0.00505390835579515,0.00445541573845505,0.00591375340171656,0.00623393316195373,0.00140820278120049,0.000447227191413238,0.00574981613960019,0.00217669654289373,0.00637077935867488,0.00646748681898067,0.00422129836904381,0.00291483008673397,0.00630510559770351,0.000405745354215694,0.00050778605280975,0,0,0.00109601052170101,0,0.00535290546879311,0.00372601378625101,0.00547487321346242,"Bacteria","Actinobacteriota","Acidimicrobiia","IMCC26256","IMCC26256","IMCC26256"
"Iodobacter",0.0011596548004315,0,0,0,0,0,0,0,0,0,0,0.000960307298335467,0,0,0,0,0,0,0.000719363574813812,0.000998032450312242,0.00112980165704243,0,0,0,0,0,"Bacteria","Proteobacteria","Gammaproteobacteria","Burkholderiales","Chitinibacteraceae","Iodobacter"
"IS-44",0,0.000398681692536679,0.00051868635854877,0,0,0.000541874887109399,0.000837345614402345,0,0.003813882532418,0.00352191413237925,0,0.000384122919334187,0.00134494230905359,0,0.000703549728173969,0.00071093416749609,0.000922698380151733,0.000365170818794125,0,0,0,0,0,0.000938138071850339,0,0,"Bacteria","Proteobacteria","Gammaproteobacteria","Burkholderiales","Nitrosomonadaceae","IS-44"
"Janthinobacterium",0.000134843581445523,0,0,0,0,0,0,0,0,0,0,0.00089628681177977,0,0,0,0,0,0.00133895966891179,0.00118483412322275,0.00122615415324075,0.00194576952046196,0.00160748209849481,0,0,0,0,"Bacteria","Proteobacteria","Gammaproteobacteria","Burkholderiales","Oxalobacteraceae","Janthinobacterium"
"JG30-KF-CM45",0.0202535059331176,0.0180469912821603,0.0218394256231061,0,0.0111185983827493,0.0138479137816846,0.0135021980322378,0.013560411311054,0.0151968550137887,0,0.0337634552383499,0.00921895006402049,0.01578537552205,0,0.0282059481931564,0.0333428124555666,0.008816895632561,0,0,0,0,0,0,0.011533579824513,0.010370738371732,0.0162517289073306,"Bacteria","Chloroflexi","Chloroflexia","Thermomicrobiales","JG30-KF-CM45","JG30-KF-CM45"
"JG30-KF-CM66",0.00223840345199569,0.0069902190091431,0.00496846932925664,0.00917636526410027,0.0183288409703504,0.00650249864531278,0.0117228386016328,0.0170308483290488,0.00310978114181776,0.00301878354203936,0.0157117068930935,0.00160051216389245,0.014511219650315,0.0179261862917399,0.00511672529581068,0.00547419308971989,0.00912446175927824,0,0,0,0,0,0,0.0157276088516086,0.00807302987021052,0.0140041493775934,"Bacteria","Chloroflexi","JG30-KF-CM66","JG30-KF-CM66","JG30-KF-CM66","JG30-KF-CM66"
"JG36-TzT-191",0.0103829557713053,0.0278279821390602,0.0220578198793372,0.0164876156371232,0.0123315363881402,0.0204106207477873,0.0144965459493406,0.0224935732647815,0.017074458722056,0.026721824686941,0.0307548305141405,0.0128040973111396,0.0356055779712607,0.0213005272407733,0.00677966101694915,0.00447888525522537,0.0190178388353496,0,0,0,0,0,0,0.028199326747972,0.0206793765136931,0.015387275242047,"Bacteria","Proteobacteria","Gammaproteobacteria","JG36-TzT-191","JG36-TzT-191","JG36-TzT-191"
"JGI_0001001-H03",0.00186084142394822,0,0.000791679178837597,0.00455088033422859,0.00464959568733154,0.00559937383346378,0.00350638476030982,0.00494858611825193,0,0,0.00434579126830247,0.00198463508322663,0.00714943016917959,0.00478031634446397,0,0,0.00251179003485749,0,0,0,0,0,0,0,0.00273241010991741,0.00616643614568926,"Bacteria","Acidobacteriota","Blastocatellia","Blastocatellales","Blastocatellaceae","JGI_0001001-H03"
"Kaistia",0.00110571736785329,0.00536891345949394,0.00428598727853457,0.00678901820352134,0,0.0148714552351135,0,0,0.00440063369125154,0.00285107334525939,0.00568295781239553,0.00243277848911652,0.00672471154526793,0.00590509666080844,0,0,0.00404962066844372,0,0,0,0,0,0,0.00342144473263065,0,0,"Bacteria","Proteobacteria","Alphaproteobacteria","Rhizobiales","Kaistiaceae","Kaistia"
"Kapabacteriales",0.00895361380798274,0.00220603869870296,0.00289372389506156,0.00872873769024172,0.0107142857142857,0.00903124811848998,0.00973414276742725,0.0101542416452442,0.00698233879011911,0.00419275491949911,0,0.00761843790012804,0,0.00632688927943761,0.00492484809721778,0.00483435233897341,0.00861185154808284,8.11490708431388e-05,0.000211577522004062,0,0,0,0,0.00579438220848739,0.0101223374526486,0.00576302443522361,"Bacteria","Bacteroidota","Kapabacteria","Kapabacteriales","Kapabacteriales","Kapabacteriales"
"KD4-96",0.000943905070118662,0.00154156921114182,0.000900876306953127,0.00492390331244405,0.00357142857142857,0.00590041543741345,0.00654176261251832,0.00032133676092545,0.00140820278120049,0.000279516994633274,0.000869158253660493,0.00224071702944942,0.000778650810504707,0.0021792618629174,0.00383754397185801,0.00191952225223944,0.00123026450686898,0.00113608699180394,0.000930941096817874,0,0,0.000438404208680403,0.00230470645317807,0.00529772087633133,0.00558902067937651,0.00593591516828031,"Bacteria","Chloroflexi","KD4-96","KD4-96","KD4-96","KD4-96"
"Kocuria",0,0,0,0,0,0,0,0,0,0,0,0,0,0,0,0,0,0,0,0,0,0,0,0,0,0,"Bacteria","Actinobacteriota","Actinobacteria","Micrococcales","Micrococcaceae","Kocuria"
"Lacihabitans",0,0,0,0,0,0,0,0,0,0,0,0,0,0,0,0,0,0.000243447212529417,0.000296208530805687,0,0,0,0,0,0,0,"Bacteria","Bacteroidota","Bacteroidia","Cytophagales","Spirosomaceae","Lacihabitans"
"Latescibacterota",0,0,0,0,0,0.000301041603949666,0,0,0,0,0.000334291636023267,0,0,0,0,0,0,0,0,0,0,0,0,0,0,0.00028815122176118,"Bacteria","Latescibacterota","Latescibacterota","Latescibacterota","Latescibacterota","Latescibacterota"
"Legionella",0.000485436893203883,0.000265787795024452,0.000300292102317709,0.00126827812593256,0.000539083557951483,0.0016256246613282,0.000889679715302491,0.00141388174807198,0.00164290324473391,0.00167710196779964,0.00260747476098148,0.00134443021766965,0.00169887449564663,0.00175746924428822,0.00166293572113847,0.000924214417744917,0.0011277424646299,0.00255619573155887,0.00215809072444144,0.00028515212866064,0.000815967863419533,0.00306882946076282,0,0.000386292147232493,0,0.000518672199170124,"Bacteria","Proteobacteria","Gammaproteobacteria","Legionellales","Legionellaceae","Legionella"
"Lentimicrobiaceae",0,0,0,0,0,0,0,0,0,0,0,0,0,0,0,0,0,0,0,0,0,0,0.000303250849102377,0,0,0,"Bacteria","Bacteroidota","Bacteroidia","Sphingobacteriales","Lentimicrobiaceae","Lentimicrobiaceae"
"Limnochordaceae",0,0,0,0,0,0,0,0,0,0,0,0,0,0,0,0,0,0,0,0,0,0.000438404208680403,0.000303250849102377,0,0,0,"Bacteria","Firmicutes","Limnochordia","Limnochordales","Limnochordaceae","Limnochordaceae"
"LiUU-11-161",0,0,0,0,0,0,0,0,0,0,0,0,0,0,0,0,0,0,0,0,0,0.000365336840567003,0,0,0,0,"Bacteria","Bacteroidota","Bacteroidia","Sphingobacteriales","LiUU-11-161","LiUU-11-161"
"Longivirga",0,0,0,0,0,0,0,0,0,0,0,0,0,0,0,0,0,0.000649192566745111,0,0,0,0,0,0,0,0,"Bacteria","Actinobacteriota","Actinobacteria","Frankiales","Sporichthyaceae","Longivirga"
"Luedemannella",0,0,0,0,0,0,0,0,0,0,0,0,0,0,0,0,0,0,0,0,0,0,0.000788452207666181,0,0.000496801838166801,0,"Bacteria","Actinobacteriota","Actinobacteria","Micromonosporales","Micromonosporaceae","Luedemannella"
"Luteolibacter",0,0,0,0,0,0,0,0,0,0,0,0,0,0,0,0,0,0.00202872677107847,0.00156567366283006,0,0,0.00343416630132983,0.00194080543425522,0,0,0,"Bacteria","Verrucomicrobiota","Verrucomicrobiae","Verrucomicrobiales","Rubritaleaceae","Luteolibacter"
"LWQ8",0,0,0,0,0,0,0,0,0,0,0,0,0,0,0,0,0,0,0.000253893026404875,0,0,0,0.000363901018922853,0,0,0,"Bacteria","Patescibacteria","Saccharimonadia","Saccharimonadales","LWQ8","LWQ8"
"Malikia",0,0,0,0,0,0,0,0,0,0,0,0,0,0,0,0,0,0.00267791933782358,0.00279282329045362,0,0,0,0,0,0,0,"Bacteria","Proteobacteria","Gammaproteobacteria","Burkholderiales","Comamonadaceae","Malikia"
"Margulisbacteria",0,0,0,0,0,0,0,0,0,0,0,0,0,0,0,0,0,0,0,0,0,0,0.000545851528384279,0,0,0,"Bacteria","Margulisbacteria","Margulisbacteria","Margulisbacteria","Margulisbacteria","Margulisbacteria"
"Massilia",0,0,0,0,0,0,0,0,0,0,0,0,0,0,0,0,0,0,0.000930941096817874,0.000313667341526704,0,0,0,0,0,0,"Bacteria","Proteobacteria","Gammaproteobacteria","Burkholderiales","Oxalobacteraceae","Massilia"
"MD3-55",0,0,0,0,0,0,0,0,0,0,0.00060172494484188,0,0,0,0,0,0,0,0,0,0,0,0,0,0,0,"Bacteria","Proteobacteria","Alphaproteobacteria","Rickettsiales","Fokiniaceae","MD3-55"
"Megamonas",0,0,0,0,0,0,0,0,0,0,0,0,0,0,0,0,0,0.000243447212529417,0,0,0,0,0,0,0,0,"Bacteria","Firmicutes","Negativicutes","Veillonellales-Selenomonadales","Selenomonadaceae","Megamonas"
"Methanoregula",0,0,0,0,0,0,0,0,0,0,0,0,0,0,0,0,0,0,0,0,0,0.000511471576793804,0,0,0,0,"Archaea","Halobacterota","Methanomicrobia","Methanomicrobiales","Methanoregulaceae","Methanoregula"
"Methylobacter",0,0,0,0,0,0,0,0,0,0,0,0,0,0,0,0,0,0.00470664610890205,0.00266587677725119,0.000456243405857025,0.000878734622144112,0.00314189682887622,0.00388161086851043,0,0,0,"Bacteria","Proteobacteria","Gammaproteobacteria","Methylococcales","Methylomonadaceae","Methylobacter"
"Methylobacterium-Methylorubrum",0,0,0,0,0,0,0,0,0,0,0,0,0,0,0,0,0,0.000202872677107847,0,0,0,0,0,0,0,0,"Bacteria","Proteobacteria","Alphaproteobacteria","Rhizobiales","Beijerinckiaceae","Methylobacterium-Methylorubrum"
"Methylocapsa",0.000377562028047465,0.000584733149053795,0,0,0,0,0,0,0,0,0,0,0,0,0,0,0,0,0,0,0,0,0,0,0,0,"Bacteria","Proteobacteria","Alphaproteobacteria","Rhizobiales","Beijerinckiaceae","Methylocapsa"
"Methyloglobulus",0.00167206040992449,0.012359132468637,0.00840817886489585,0.00775887794688153,0.00734501347708895,0.0010837497742188,0.000523341009001465,0.00096401028277635,0.000821451622366954,0.00111806797853309,0.00207260814334425,0.00428937259923175,0.00198202024492107,0.00421792618629174,0.0104892868564119,0.0103085454286933,0.00404962066844372,0,0,0.000171091277196384,0,0,0,0.00706362783510844,0.000310501148854251,0.00922083909635777,"Bacteria","Proteobacteria","Gammaproteobacteria","Methylococcales","Methylomonadaceae","Methyloglobulus"
"Methylotenera",0.00107874865156419,0.000478418031044014,0.000709781332750949,0.000596836765144733,0,0,0,0,0.00657161297893563,0.00637298747763864,0.00120344988968376,0.00358514724711908,0.00212359311955829,0,0,0,0.000768915316793111,0.00848007790310801,0.00727826675693974,0.00114060851464256,0.0073437107707758,0.0127137220517317,0.0189835031538088,0,0.00211140781220891,0,"Bacteria","Proteobacteria","Gammaproteobacteria","Burkholderiales","Methylophilaceae","Methylotenera"
"Microcystis_PCC-7914",0,0,0,0,0,0,0,0,0,0,0,0,0,0,0,0,0,0,0,0,0,0,0.000424551188743328,0,0,0,"Bacteria","Cyanobacteria","Cyanobacteriia","Cyanobacteriales","Microcystaceae","Microcystis_PCC-7914"
"Micromonospora",0,0,0,0,0,0,0,0,0,0,0,0,0,0,0,0,0,0.00137953420433336,0,0,0.000815967863419533,0.00365336840567003,0.00442746239689471,0,0,0,"Bacteria","Actinobacteriota","Actinobacteria","Micromonosporales","Micromonosporaceae","Micromonospora"
"Mitochondria",0,0.000159472677014671,0,0,0.000471698113207547,0.000301041603949666,0,0,0.000528076042950185,0,0.00227318312495821,0,0.000778650810504707,0,0,0,0,0.00068976710216668,0.001354096140826,0.000769910747383729,0.0024479035902586,0,0,0,0,0,"Bacteria","Proteobacteria","Alphaproteobacteria","Rickettsiales","Mitochondria","Mitochondria"
"mle1-27",0.000242718446601942,0,0,0,0,0,0,0,0.000410725811183477,0,0,0.000512163892445583,0.000424718623911659,0,0,0,0,0,0,0,0,0,0,0,0,0,"Bacteria","Myxococcota","Polyangia","mle1-27","mle1-27","mle1-27"
"mle1-7",0,0,0,0,0,0,0,0,0.000469400927066831,0,0,0,0,0,0,0,0,0,0,0,0,0,0,0,0,0,"Bacteria","Proteobacteria","Gammaproteobacteria","Burkholderiales","Nitrosomonadaceae","mle1-7"
"MND1",0.000458468176914779,0.000451839251541569,0,0,0.00128032345013477,0.000722499849479198,0.000261670504500733,0.00077120822622108,0.000645426274716893,0.000391323792486583,0.00193889148893495,0.00128040973111396,0.00113258299709776,0.000632688927943761,0,0.000426560500497654,0.000307566126717244,0.000568043495901972,0,0,0,0,0,0.00154516858892997,0,0.00028815122176118,"Bacteria","Proteobacteria","Gammaproteobacteria","Burkholderiales","Nitrosomonadaceae","MND1"
"MWH-Ta3",0.000782092772384035,0,0,0,0,0,0,0,0,0,0,0.00108834827144686,0,0,0,0,0,0.00442262436095107,0.00512017603249831,0.000427728192990961,0,0.00694139997077305,0.00752062105773896,0.000331107554770708,0,0,"Bacteria","Actinobacteriota","Actinobacteria","Micrococcales","Microbacteriaceae","MWH-Ta3"
"MWH-UniP1_aquatic_group",0,0,0,0,0,0,0,0,0,0,0,0,0,0,0,0,0,0,0.000253893026404875,0,0,0,0,0,0,0,"Bacteria","Proteobacteria","Gammaproteobacteria","Burkholderiales","MWH-UniP1_aquatic_group","MWH-UniP1_aquatic_group"
"Mycobacterium",0.00455771305285868,0.000478418031044014,0.000900876306953127,0.00246195165622202,0.00128032345013477,0.00234812451080739,0.00272137324680762,0.00212082262210797,0.000645426274716893,0,0.000869158253660493,0.00633802816901408,0,0,0.00108730412535977,0,0,0.0109145500284022,0.0115944482058226,0.00741395534517665,0.00991714787848355,0.0196551220225047,0.0132217370208637,0.000386292147232493,0,0.000864453665283541,"Bacteria","Actinobacteriota","Actinobacteria","Corynebacteriales","Mycobacteriaceae","Mycobacterium"
"NB1-j",0,0,0,0.000373022978215458,0,0,0.000314004605400879,0,0,0,0.00120344988968376,0,0.00120336943441637,0.000773286467486819,0.000319795330988168,0.000639840750746481,0.000410088168956326,0,0,0,0,0,0,0.000717399702003201,0.000745202757250202,0.000403411710465652,"Bacteria","NB1-j","NB1-j","NB1-j","NB1-j","NB1-j"
"Neochlamydia",0.000296655879180151,0.0014086753136296,0.00182905189593514,0.00678901820352134,0.00566037735849057,0.00668312360768258,0.00481473728281348,0.00032133676092545,0.00269905533063428,0,0.00447950792271177,0.000640204865556978,0,0.0075219683655536,0.00498880716341541,0.00469216550547419,0.00599753947098626,0,0.000550101557210562,0,0,0,0,0.00281441421555102,0.00490591815189716,0.00443752881512218,"Bacteria","Verrucomicrobiota","Chlamydiae","Chlamydiales","Parachlamydiaceae","Neochlamydia"
"Nitrosomonas",0,0,0,0,0,0,0,0,0,0,0,0,0,0,0,0,0,0.00068976710216668,0.00249661475964794,0,0,0.00102294315358761,0,0,0,0,"Bacteria","Proteobacteria","Gammaproteobacteria","Burkholderiales","Nitrosomonadaceae","Nitrosomonas"
"Nitrosospira",0.000539374325782093,0,0,0,0,0.000541874887109399,0,0.00057840616966581,0.0007627765064836,0,0,0.00153649167733675,0.00120336943441637,0,0,0,0,0,0,0,0,0,0,0,0.000621002297708502,0,"Bacteria","Proteobacteria","Gammaproteobacteria","Burkholderiales","Nitrosomonadaceae","Nitrosospira"
"Nitrospira",0.00822545846817692,0.060945141399107,0.0730528787092899,0.0153685467024769,0.0283018867924528,0.0273345776386297,0.0223466610843626,0.0200514138817481,0.0135539517690547,0.0133609123434705,0.0236009895032426,0.0127400768245839,0.0244213208749204,0.0150439367311072,0.043108410617205,0.0557372387316934,0.0355238876358417,0.000365170818794125,0.000550101557210562,0,0,0,0,0.0380221842061696,0.0214245792709433,0.0184416781927155,"Bacteria","Nitrospirota","Nitrospiria","Nitrospirales","Nitrospiraceae","Nitrospira"
"Nocardia",0,0,0,0,0,0,0,0,0.00451798392301825,0,0,0,0,0,0,0,0,0,0.000211577522004062,0,0,0.000584538944907204,0.000424551188743328,0,0,0,"Bacteria","Actinobacteriota","Actinobacteria","Corynebacteriales","Nocardiaceae","Nocardia"
"Nocardioides",0,0,0,0,0,0,0,0,0,0,0,0,0,0,0,0,0,0,0.000296208530805687,0,0,0,0,0,0,0,"Bacteria","Actinobacteriota","Actinobacteria","Propionibacteriales","Nocardioidaceae","Nocardioides"
"Nonomuraea",0,0,0,0,0,0,0,0,0,0,0,0,0,0,0,0,0,0.000446319889637264,0.00050778605280975,0,0,0,0,0,0,0,"Bacteria","Actinobacteriota","Actinobacteria","Streptosporangiales","Streptosporangiaceae","Nonomuraea"
"Novosphingobium",0.0064185544768069,0.00191367212417606,0.00174715404984849,0.00335720680393912,0,0.00319104100186646,0.00397739166841114,0.00282776349614396,0.00780379041248606,0.00536672629695885,0.00468008290432573,0.00659411011523688,0.00283145749274439,0.00175746924428822,0.00223856731691717,0.00142186833499218,0.00199917982366209,0.00279964294408829,0.00478165199729181,0.000342182554392769,0,0,0,0.00171072236631532,0.00409861516487611,0.00628169663439373,"Bacteria","Proteobacteria","Alphaproteobacteria","Sphingomonadales","Sphingomonadaceae","Novosphingobium"
"NS11-12_marine_group",0.000431499460625674,0,0,0,0,0,0,0,0,0,0,0,0,0,0,0,0,0.000973788850117666,0.000423155044008125,0.00336479511819556,0.00357770524730103,0.00650299576209265,0.00424551188743328,0,0,0,"Bacteria","Bacteroidota","Bacteroidia","Sphingobacteriales","NS11-12_marine_group","NS11-12_marine_group"
"NS9_marine_group",0,0,0,0,0,0,0,0,0,0,0,0,0,0,0,0,0,0.00206930130650004,0.00165030467163169,0,0,0.00336109893321643,0.0032144590004852,0,0,0,"Bacteria","Bacteroidota","Bacteroidia","Flavobacteriales","NS9_marine_group","NS9_marine_group"
"Obscuribacteraceae",0.000377562028047465,0,0,0.000671441360787825,0.000606469002695418,0.000361249924739599,0.00109901611890308,0.00115681233933162,0.000293375579416769,0,0.000468008290432573,0.00121638924455826,0,0.000421792618629174,0.000895426926766869,0.000497653917247263,0,0,0,0,0,0,0,0.000993322664312124,0,0.000749193176579069,"Bacteria","Cyanobacteria","Vampirivibrionia","Obscuribacterales","Obscuribacteraceae","Obscuribacteraceae"
"Oikopleura",0.000134843581445523,0,0,0,0,0,0,0,0,0,0,0,0,0,0,0,0,0,0,0,0,0,0,0,0,0,"Bacteria","Verrucomicrobiota","Verrucomicrobiae","Pedosphaerales","Pedosphaeraceae","Oikopleura"
"OLB12",0,0,0,0,0,0,0,0,0,0,0,0,0,0,0,0,0,0,0,0,0,0.000584538944907204,0,0,0,0,"Bacteria","Bacteroidota","Bacteroidia","Cytophagales","Microscillaceae","OLB12"
"OLB14",0.0155339805825243,0.0227514352540931,0.0239414703393301,0.0183527305282005,0.0154986522911051,0.0118610391956168,0.012507850115135,0.0173521850899743,0.00258170509886757,0.00709973166368515,0.00895901584542355,0.00979513444302177,0.0111842570963403,0.0239718804920914,0.0461784457946914,0.0425138632162662,0.0167623539060898,0,0.000253893026404875,0,0,0,0,0.0103747033828155,0.0158976588213376,0.00904794836330106,"Bacteria","Chloroflexi","OLB14","OLB14","OLB14","OLB14"
"OM190",0.000647249190938511,0.00151499043163938,0.00150146051158855,0.00581915846016115,0.0068733153638814,0.00656270696610272,0.00795478333682227,0.00726221079691517,0.00211230417180074,0,0.000334291636023267,0.000704225352112676,0.00261909818078856,0.00724077328646749,0.00575631595778702,0.00391013792122849,0.00456223087963912,0,0,0,0,0,0,0.00910545775619447,0.00552692044960566,0.000576302443522361,"Bacteria","Planctomycetota","OM190","OM190","OM190","OM190"
"OM27_clade",0,0,0,0,0,0,0,0,0,0,0,0,0,0,0,0,0,0,0.000253893026404875,0,0,0,0,0,0,0,"Bacteria","Bdellovibrionota","Bdellovibrionia","Bdellovibrionales","Bdellovibrionaceae","OM27_clade"
"Opitutus",0,0,0,0,0,0,0,0,0,0,0,0,0,0,0,0,0,0,0.00220040622884225,0.000598819470187345,0,0,0,0,0,0,"Bacteria","Verrucomicrobiota","Verrucomicrobiae","Opitutales","Opitutaceae","Opitutus"
"Paenibacillus",0,0,0,0,0,0,0,0,0,0,0,0,0,0,0,0,0,0.000202872677107847,0,0,0,0,0,0,0,0,"Bacteria","Firmicutes","Bacilli","Paenibacillales","Paenibacillaceae","Paenibacillus"
"Pajaroellobacter",0,0.000930257282585584,0.000791679178837597,0.00216353327364966,0.00134770889487871,0.001806249623698,0.000994347917102784,0.00173521850899743,0.00340315672123452,0.0017330053667263,0.00340977468743732,0.00089628681177977,0.0014865151836908,0.00126537785588752,0.00179085385353374,0.000995307834494526,0.00071765429567357,0,0,0,0,0,0,0.000993322664312124,0.00254610942060486,0.000691562932226833,"Bacteria","Myxococcota","Polyangia","Polyangiales","Polyangiaceae","Pajaroellobacter"
"Paludibaculum",0,0,0,0,0.0045822102425876,0.00397374917213559,0,0,0,0.00134168157423971,0,0,0,0,0,0,0,0,0,0,0,0,0.000303250849102377,0,0,0,"Bacteria","Acidobacteriota","Acidobacteriae","Acidobacteriae","Acidobacteriae","Paludibaculum"
"Parablastomonas",0.000701186623516721,0.000265787795024452,0.000272992820288826,0.00111906893464637,0,0,0.00130835252250366,0.00122107969151671,0.00205362905591739,0.00167710196779964,0.00080229992645584,0.00204865556978233,0.00198202024492107,0,0.000895426926766869,0,0,0,0,0.000228121702928512,0,0,0,0.000551845924617847,0,0,"Bacteria","Proteobacteria","Alphaproteobacteria","Sphingomonadales","Sphingomonadaceae","Parablastomonas"
"Parcubacteria",0,0,0,0,0,0,0,0,0,0,0,0,0,0,0,0,0,0,0,0.000941002024580113,0.000878734622144112,0.00116907788981441,0,0,0,0,"Bacteria","Patescibacteria","Parcubacteria","Parcubacteria","Parcubacteria","Parcubacteria"
"Parvibium",0.00272384034519957,0.000744205826068467,0.000573284922606535,0.00156669650850492,0,0,0.00136068662340381,0,0,0,0.0020057498161396,0.00275288092189501,0.00226516599419551,0.0016871704745167,0.00140709945634794,0.00170624200199062,0.000973959401271273,0,0,0,0,0,0,0.00176590695877711,0.00117990436564615,0.00115260488704472,"Bacteria","Proteobacteria","Gammaproteobacteria","Burkholderiales","Alcaligenaceae","Parvibium"
"Pedobacter",0,0,0,0,0,0,0,0,0,0,0,0,0,0,0,0,0,0.000202872677107847,0,0,0,0,0,0,0,0,"Bacteria","Bacteroidota","Bacteroidia","Sphingobacteriales","Sphingobacteriaceae","Pedobacter"
"Pedomicrobium",0.0145631067961165,0.0217680204125027,0.0228221997761459,0.0120113398985378,0.0234501347708895,0.0166777048588115,0.0263763868536739,0.0226221079691517,0.00985741946840345,0.0227526833631485,0.0123687905328609,0.0140845070422535,0.0128123451546684,0.0205272407732865,0.017972497601535,0.015640551684914,0.0238363748205864,0,0,0,0,0,0,0.0184316538822361,0.0227286840961312,0.0194213923467036,"Bacteria","Proteobacteria","Alphaproteobacteria","Rhizobiales","Hyphomicrobiaceae","Pedomicrobium"
"Pedosphaera",0,0,0,0,0,0,0.00104668201800293,0,0.00146687789708385,0.000670840787119857,0.0010028749080698,0,0.00134494230905359,0,0,0,0,0,0,0,0,0,0,0,0,0.000345781466113416,"Bacteria","Verrucomicrobiota","Verrucomicrobiae","Pedosphaerales","Pedosphaeraceae","Pedosphaera"
"Pedosphaeraceae",0.00264293419633225,0,0,0.00238734706057893,0.00619946091644205,0.00282979107712686,0.00523341009001465,0.00282776349614396,0.00586751158833539,0.0029628801431127,0.00280804974259544,0.00339308578745198,0.00169887449564663,0.00274165202108963,0,0.00277264325323475,0.00287061718269428,0,0,0,0,0,0,0.00275922962308923,0.00546482021983481,0.00685799907791609,"Bacteria","Verrucomicrobiota","Verrucomicrobiae","Pedosphaerales","Pedosphaeraceae","Pedosphaeraceae"
"PeM15",0.00304746494066882,0.000159472677014671,0,0,0.000471698113207547,0,0,0.00070694087403599,0,0.000782647584973166,0,0.00512163892445583,0,0,0,0,0,0.0152154507830885,0.0158259986459039,0.00501867746442727,0.010293748430831,0.0130059915241853,0.013524987869966,0.00104850725677391,0.000434701608395951,0,"Bacteria","Actinobacteriota","Actinobacteria","PeM15","PeM15","PeM15"
"Peredibacter",0,0,0,0,0,0,0,0,0,0,0,0,0,0,0,0,0,0,0,0,0,0.000365336840567003,0.000424551188743328,0,0,0,"Bacteria","Bdellovibrionota","Bdellovibrionia","Bacteriovoracales","Bacteriovoracaceae","Peredibacter"
"Phenylobacterium",0,0,0,0,0,0,0,0,0.00322713137358446,0.000335420393559928,0,0.000384122919334187,0,0,0,0,0,0,0,0,0,0,0,0,0,0,"Bacteria","Proteobacteria","Alphaproteobacteria","Caulobacterales","Caulobacteraceae","Phenylobacterium"
"Phreatobacter",0.00385652642934196,0.00377418668934723,0.0026753296388305,0.00768427335123844,0.00923180592991914,0.00529833222951412,0.00497173958551392,0.00398457583547558,0.00170157836061726,0.00117397137745975,0.00595039112121415,0.00422535211267606,0.00552134211085156,0.00710017574692443,0.00626798848736808,0.00355467083748045,0.00707402091449662,0,0,0,0,0,0,0.00717399702003201,0.00981183630379432,0,"Bacteria","Proteobacteria","Alphaproteobacteria","Rhizobiales","Rhizobiales_Incertae_Sedis","Phreatobacter"
"Pirellula",0,0,0,0,0,0,0,0,0.00129085254943379,0,0.000468008290432573,0.000320102432778489,0,0,0,0,0,0,0,0,0,0,0,0,0,0,"Bacteria","Planctomycetota","Planctomycetes","Pirellulales","Pirellulaceae","Pirellula"
"Planctopirus",0.000161812297734628,0,0,0,0.000741239892183288,0,0.000732677412602052,0.00096401028277635,0.000293375579416769,0,0.0010028749080698,0.000320102432778489,0,0,0.000511672529581068,0.000426560500497654,0.000256305105597704,0,0,0,0,0,0,0.000662215109541416,0.00117990436564615,0.000345781466113416,"Bacteria","Planctomycetota","Planctomycetes","Planctomycetales","Schlesneriaceae","Planctopirus"
"Planifilum",0,0,0,0,0,0,0,0,0,0,0,0,0,0,0,0,0,0,0,0,0,0,0.00103105288694808,0,0,0,"Bacteria","Firmicutes","Bacilli","Thermoactinomycetales","Thermoactinomycetaceae","Planifilum"
"Planktothrix_NIVA-CYA_15",0.000296655879180151,0,0,0,0,0,0,0,0,0,0,0,0,0,0,0,0,0,0,0,0,0,0,0,0,0,"Bacteria","Cyanobacteria","Cyanobacteriia","Cyanobacteriales","Phormidiaceae","Planktothrix_NIVA-CYA_15"
"Plot4-2H12",0,0.000159472677014671,0.000109197128115531,0,0,0.000421458245529532,0.00104668201800293,0.00160668380462725,0,0,0.00040114996322792,0.000384122919334187,0.000637077935867488,0.000351493848857645,0,0,0,0,0,0,0,0,0,0,0.000372601378625101,0,"Bacteria","Proteobacteria","Alphaproteobacteria","Sphingomonadales","Sphingomonadaceae","Plot4-2H12"
"PLTA13",0,0.000345524133531788,0.000272992820288826,0.00119367353028947,0,0.000842916491059064,0.000366338706301026,0.00057840616966581,0,0,0.00120344988968376,0,0.0014157287463722,0.000773286467486819,0.000639590661976335,0.000426560500497654,0,0,0,0,0,0,0,0,0,0,"Bacteria","Proteobacteria","Gammaproteobacteria","PLTA13","PLTA13","PLTA13"
"Polaromonas",0.000431499460625674,0,0,0,0,0,0,0,0,0,0,0,0,0,0,0,0,0.00275906840866672,0.00211577522004062,0.00196754968775842,0.00301280441877981,0.00832967996492766,0.00430616205725376,0,0,0,"Bacteria","Proteobacteria","Gammaproteobacteria","Burkholderiales","Comamonadaceae","Polaromonas"
"Polynucleobacter",0.0263754045307443,0.00154156921114182,0.000327591384346592,0.000671441360787825,0.00309973045822102,0,0.00324471425580909,0.00327763496143959,0.00445930880713489,0.00324239713774597,0.00140402487129772,0.0133162612035851,0.0014865151836908,0,0,0,0,0.0236955286861965,0.0225118483412322,0.153611451709487,0.32607331157419,0.0238199620049686,0.0427583697234352,0.00320070636278351,0.00434701608395951,0.00247810050714615,"Bacteria","Proteobacteria","Gammaproteobacteria","Burkholderiales","Burkholderiaceae","Polynucleobacter"
"Prevotella",0,0,0,0,0,0,0,0,0,0,0,0,0,0,0,0,0,0,0,0,0,0,0,0,0,0,"Bacteria","Bacteroidota","Bacteroidia","Bacteroidales","Prevotellaceae","Prevotella"
"Prosthecobacter",0,0,0,0,0,0,0,0,0,0,0,0,0,0,0,0,0,0.00117666152722551,0.00313134732566012,0,0,0.00847581470115446,0.00624696749150898,0,0,0,"Bacteria","Verrucomicrobiota","Verrucomicrobiae","Verrucomicrobiales","Verrucomicrobiaceae","Prosthecobacter"
"Pseudanabaena_PCC-7429",0,0,0,0,0,0,0,0,0,0,0,0,0,0,0,0,0,0,0.000930941096817874,0,0.000376600552347477,0,0,0,0,0,"Bacteria","Cyanobacteria","Cyanobacteriia","Pseudanabaenales","Pseudanabaenaceae","Pseudanabaena_PCC-7429"
"Pseudarcicella",0.00188781014023732,0,0,0,0,0,0,0,0,0,0,0.00364916773367478,0,0,0,0,0,0.00121723606264708,0.00143872714962762,0.0609655251076449,0.0384760230981672,0.0108870378488967,0.00824842309558467,0,0,0,"Bacteria","Bacteroidota","Bacteroidia","Cytophagales","Spirosomaceae","Pseudarcicella"
"Pseudohongiella",0,0,0,0,0,0,0,0,0,0,0,0,0,0,0,0,0,0.00182585409397062,0.00232735274204469,0,0.000439367311072056,0.00226508841151542,0.00109170305676856,0,0,0,"Bacteria","Proteobacteria","Gammaproteobacteria","Pseudomonadales","Pseudohongiellaceae","Pseudohongiella"
"Pseudolabrys",0,0.000664469487561131,0.00120116840927084,0.00223813786929275,0.00242587601078167,0.00234812451080739,0,0,0.00134952766531714,0,0.00280804974259544,0,0.00276067105542578,0.00274165202108963,0.00166293572113847,0.00191952225223944,0.00235800697149887,0,0,0.000171091277196384,0,0,0,0.00154516858892997,0,0,"Bacteria","Proteobacteria","Alphaproteobacteria","Rhizobiales","Xanthobacteraceae","Pseudolabrys"
"Pseudomonas",0,0,0,0,0,0,0,0,0,0,0,0,0,0,0,0,0,0.000933214314696097,0.000973256601218687,0.000171091277196384,0,0.00116907788981441,0,0,0,0,"Bacteria","Proteobacteria","Gammaproteobacteria","Pseudomonadales","Pseudomonadaceae","Pseudomonas"
"Pseudonocardia",0,0,0,0,0.00491913746630728,0,0.0067510990161189,0,0.000469400927066831,0,0.00173831650732099,0.00211267605633803,0,0,0,0,0,0,0,0,0,0,0,0,0,0,"Bacteria","Actinobacteriota","Actinobacteria","Pseudonocardiales","Pseudonocardiaceae","Pseudonocardia"
"Pseudorhodobacter",0.000431499460625674,0,0,0,0,0,0,0,0,0,0,0,0,0,0,0,0,0,0.00863236289776574,0,0.00138086869194075,0,0,0,0,0,"Bacteria","Proteobacteria","Alphaproteobacteria","Rhodobacterales","Rhodobacteraceae","Pseudorhodobacter"
"R7C24",0,0.000159472677014671,0.000327591384346592,0,0,0,0,0.00038560411311054,0.000880126738250308,0.000614937388193202,0,0,0,0.000421792618629174,0.000447713463383435,0.000497653917247263,0,0.00332711190456869,0.003385240352065,0,0.000941501380868692,0.00416483998246383,0.00661086851043183,0,0.000807302987021052,0,"Bacteria","Proteobacteria","Gammaproteobacteria","R7C24","R7C24","R7C24"
"RB41",0,0,0,0,0.000539083557951483,0,0.000366338706301026,0,0,0,0,0.000384122919334187,0.000849437247823317,0.000492091388400703,0,0,0,0,0,0,0,0,0,0,0.000310501148854251,0.00103734439834025,"Bacteria","Acidobacteriota","Blastocatellia","Pyrinomonadales","Pyrinomonadaceae","RB41"
"RBG-13-54-9",0.00377562028047465,0.00419944716138635,0.0037673009199858,0.011414503133393,0.0139487870619946,0.0108977060629779,0.0150198869583421,0.018573264781491,0.0266385026110427,0.0174418604651163,0.00829043257337701,0.0105633802816901,0.00537976923621434,0.00478031634446397,0.00594819315637992,0.00924214417744917,0.00733032602009432,0,0,0,0,0,0,0.00419402902709563,0.0151524560640874,0.0227639465191332,"Bacteria","Chloroflexi","Anaerolineae","RBG-13-54-9","RBG-13-54-9","RBG-13-54-9"
"Reyranella",0.000323624595469256,0.00154156921114182,0.00106467199912642,0.00298418382572366,0.000673854447439353,0.000541874887109399,0.00214569813690601,0.00122107969151671,0.00856656691896967,0.00732334525939177,0.00454636624991643,0,0.0036101083032491,0.00189806678383128,0.00307003517748641,0.00241717616948671,0.0027680951404552,0.000608618031323541,0.00114251861882194,0,0,0,0.000788452207666181,0.000496661332156062,0.00105570390610445,0,"Bacteria","Proteobacteria","Alphaproteobacteria","Reyranellales","Reyranellaceae","Reyranella"
"Rhizorhapis",0.00107874865156419,0.000265787795024452,0.000218394256231061,0,0.000404312668463612,0,0,0.00070694087403599,0.00105615208590037,0.000670840787119857,0,0.00364916773367478,0.00127415587173498,0.000562390158172232,0,0,0,0.00068976710216668,0.000888625592417062,0.000342182554392769,0,0,0,0,0,0,"Bacteria","Proteobacteria","Alphaproteobacteria","Sphingomonadales","Sphingomonadaceae","Rhizorhapis"
"Rhodobacter",0,0,0,0,0,0,0,0,0,0,0,0,0,0,0,0,0,0,0,0,0,0,0.000303250849102377,0,0,0,"Bacteria","Proteobacteria","Alphaproteobacteria","Rhodobacterales","Rhodobacteraceae","Rhodobacter"
"Rhodococcus",0,0,0,0,0,0,0,0,0,0,0,0,0,0,0,0,0,0,0,0,0,0,0.000424551188743328,0,0,0,"Bacteria","Actinobacteriota","Actinobacteria","Corynebacteriales","Nocardiaceae","Rhodococcus"
"Rhodoferax",0,0,0,0,0,0,0.0015700230270044,0,0,0,0,0,0,0,0,0,0,0.00178527955854905,0.00160798916723087,0.0139154238786393,0,0,0,0,0,0,"Bacteria","Proteobacteria","Gammaproteobacteria","Burkholderiales","Comamonadaceae","Rhodoferax"
"Rhodoluna",0.002319309600863,0,0,0,0,0,0,0,0,0,0,0.00448143405889885,0,0,0,0,0,0.00661364927371582,0.00744752877454299,0.0039636145883829,0.00564900828521215,0.0120561157387111,0.0117054827753518,0,0,0,"Bacteria","Actinobacteriota","Actinobacteria","Micrococcales","Microbacteriaceae","Rhodoluna"
"Rhodomicrobium",0.000296655879180151,0.00396023814586434,0.00253883322868609,0,0.00633423180592992,0.00505749894635439,0.00481473728281348,0.00475578406169666,0,0,0,0,0,0.00407732864674868,0,0,0.00497231904859545,0,0,0,0,0,0,0.00618067435571988,0.00391231447556356,0.00501383125864454,"Bacteria","Proteobacteria","Alphaproteobacteria","Rhizobiales","Rhodomicrobiaceae","Rhodomicrobium"
"Rhodopila",0,0.000398681692536679,0,0,0,0,0,0,0,0,0,0,0.000707864373186098,0,0,0,0,0,0,0,0,0,0,0,0,0,"Bacteria","Proteobacteria","Alphaproteobacteria","Acetobacterales","Acetobacteraceae","Rhodopila"
"Rhodoplanes",0,0.000637890708058686,0.000436788512462122,0.00149209191286183,0,0,0.000994347917102784,0,0.00123217743355043,0,0.00207260814334425,0,0.0014865151836908,0,0.00179085385353374,0.00135077491824257,0,0,0,0,0,0,0,0,0.001242004595417,0,"Bacteria","Proteobacteria","Alphaproteobacteria","Rhizobiales","Xanthobacteraceae","Rhodoplanes"
"Rhodovastum",0,0.00196682968318095,0.00128306625535748,0,0,0,0,0,0.000469400927066831,0.000391323792486583,0,0,0,0,0,0,0,0,0,0,0,0,0,0,0,0,"Bacteria","Proteobacteria","Alphaproteobacteria","Acetobacterales","Acetobacteraceae","Rhodovastum"
"Rickettsiella",0.00169902912621359,0.000212630236019562,0,0,0,0,0,0.00051413881748072,0,0.000279516994633274,0,0.00185659411011524,0.000495505061230268,0,0,0,0,0.00462549703805891,0.00550101557210562,0.000313667341526704,0.000753201104694954,0.0108139704807833,0.0117054827753518,0,0,0.00028815122176118,"Bacteria","Proteobacteria","Gammaproteobacteria","Diplorickettsiales","Diplorickettsiaceae","Rickettsiella"
"Romboutsia",0,0,0,0,0,0,0,0,0,0,0,0,0,0,0,0,0,0.000852065243852958,0.000550101557210562,0,0,0.00277655998830922,0.0032144590004852,0,0,0,"Bacteria","Firmicutes","Clostridia","Peptostreptococcales-Tissierellales","Peptostreptococcaceae","Romboutsia"
"S085",0.000889967637540453,0.00457155007442058,0.00354890666375474,0.000671441360787825,0.00714285714285714,0.00818833162743091,0.00115135021980322,0.0083547557840617,0.00111482720178372,0.00212432915921288,0.00260747476098148,0.00371318822023047,0.00297303036738161,0.00878734622144113,0.00818676047329709,0.0063273140907152,0.00548492925979085,0,0,0,0,0,0,0.00656696650295238,0.00614792274731416,0.00685799907791609,"Bacteria","Chloroflexi","Dehalococcoidia","S085","S085","S085"
"Saccharopolyspora",0,0,0,0,0,0,0,0,0,0,0,0,0,0,0,0,0,0,0.000211577522004062,0,0,0,0,0,0,0,"Bacteria","Actinobacteriota","Actinobacteria","Pseudonocardiales","Pseudonocardiaceae","Saccharopolyspora"
"Sandaracinus",0,7.97363385073357e-05,5.45985640577653e-05,0,0,0,0,0,0,0,0,0,0,0,0,0,0,0,0,0,0,0,0,0,0,0,"Bacteria","Myxococcota","Polyangia","Polyangiales","Sandaracinaceae","Sandaracinus"
"SBR1031",0,0.00159472677014671,0.00109197128115531,0.00283497463443748,0.00121293800539084,0.00523812390872419,0.00387272346661084,0.00488431876606684,0.00445930880713489,0.00391323792486583,0.0030086247242094,0,0.00552134211085156,0,0,0,0.000512610211195407,0,0,0,0,0,0,0.00369736769493957,0.00223560827175061,0.00605117565698479,"Bacteria","Chloroflexi","Anaerolineae","SBR1031","SBR1031","SBR1031"
"SC-I-84",0.00533980582524272,0.00829257920476292,0.00906336163358904,0.0101462250074605,0.00822102425876011,0.00740562345716178,0.00481473728281348,0.00848329048843188,0.0126151499149211,0.00916815742397138,0.00234004145216287,0.00371318822023047,0.00283145749274439,0.00773286467486819,0.00211064918452191,0.00270154983648514,0.00763789214681156,0.0068976710216668,0.00727826675693974,0,0.000753201104694954,0.0122022504749379,0.0105531295487627,0.0097124882732741,0.00738992734273117,0.00461041954817888,"Bacteria","Proteobacteria","Gammaproteobacteria","Burkholderiales","SC-I-84","SC-I-84"
"Schlesneria",0.000323624595469256,0,0,0.000522232169501641,0.000741239892183288,0,0.000366338706301026,0,0.000997476970017016,0.000391323792486583,0.00140402487129772,0.00115236875800256,0.000849437247823317,0,0.000319795330988168,0,0,0,0,0,0,0,0,0,0.000683102527479352,0.000518672199170124,"Bacteria","Planctomycetota","Planctomycetes","Planctomycetales","Schlesneriaceae","Schlesneria"
"Sediminibacterium",0.0058252427184466,0,0,0,0,0,0.000523341009001465,0,0,0,0,0.00556978233034571,0,0,0,0,0,0.00352998458167654,0.00321597833446175,0.0430579714277567,0.0353376851619382,0.0170977641385357,0.0117661329451722,0,0,0.000345781466113416,"Bacteria","Bacteroidota","Bacteroidia","Chitinophagales","Chitinophagaceae","Sediminibacterium"
"SH-PL14",0.00531283710895361,0.000132893897512226,0.000573284922606535,0.00253655625186511,0.00121293800539084,0.000662291528689265,0.00287837554950806,0.0032133676092545,0,0.000279516994633274,0.00187203316173029,0.0029449423815621,0.0021943795568769,0.00203866432337434,0.00147105852254557,0,0.0011277424646299,0,0,0,0,0,0,0.00297996799293637,0.00534061976029311,0.00103734439834025,"Bacteria","Planctomycetota","Planctomycetes","Planctomycetales","Rubinisphaeraceae","SH-PL14"
"SH3-11",0,0,0,0,0,0,0,0,0.00105615208590037,0.000335420393559928,0,0.000384122919334187,0,0,0,0,0,0.000852065243852958,0.00126946513202437,0,0,0.000803741049247406,0,0,0,0,"Bacteria","Verrucomicrobiota","Verrucomicrobiae","Pedosphaerales","Pedosphaeraceae","SH3-11"
"Sideroxydans",0,0,0,0,0,0,0,0,0,0,0,0,0,0,0,0,0,0,0,0,0.000439367311072056,0,0,0,0,0,"Bacteria","Proteobacteria","Gammaproteobacteria","Burkholderiales","Gallionellaceae","Sideroxydans"
"Silvanigrella",0.00204962243797195,0,0,0,0,0,0,0.0006426735218509,0,0,0,0.00275288092189501,0,0,0,0,0,0.00312423922746085,0.00156567366283006,0.00416322107844535,0.00652774290735626,0.000365336840567003,0.000424551188743328,0,0,0,"Bacteria","Bdellovibrionota","Oligoflexia","Silvanigrellales","Silvanigrellaceae","Silvanigrella"
"SL56_marine_group",0,0,0,0,0,0,0,0,0,0,0,0,0,0,0,0,0,0.00271849387324515,0.00211577522004062,0,0.000376600552347477,0.00189975157094841,0.00369966035904901,0,0,0,"Bacteria","Chloroflexi","SL56_marine_group","SL56_marine_group","SL56_marine_group","SL56_marine_group"
"SM1A02",0.000296655879180151,0.00100999362109292,0.00101007343506866,0.00201432408236347,0.00235849056603774,0.0010837497742188,0.00183169353150513,0.00282776349614396,0.00475268438655166,0.00380143112701252,0.00381092465066524,0.000320102432778489,0.00339774899129327,0.00147627416520211,0.00159897665494084,0.00255936300298592,0.00153783063358622,0,0,0,0,0,0,0.00171072236631532,0.00335341240762591,0.00167127708621485,"Bacteria","Planctomycetota","Phycisphaerae","Phycisphaerales","Phycisphaeraceae","SM1A02"
"SM1A07",0,0.000797363385073357,0.000464087794491005,0.00149209191286183,0.00148247978436658,0.00138479137816846,0.00120368432070337,0,0,0,0.00240689977936752,0,0.0014865151836908,0.00196836555360281,0.00166293572113847,0.0031281103369828,0.00158909165470576,0,0,0,0,0,0,0.00104850725677391,0.00267030988014656,0.000461041954817888,"Bacteria","Bacteroidota","Bacteroidia","SM1A07","SM1A07","SM1A07"
"Sphingomonas",0,0,0,0,0,0,0,0,0,0,0,0,0,0,0,0,0,0.000527468960480402,0.000719363574813812,0,0,0,0.000545851528384279,0,0,0,"Bacteria","Proteobacteria","Alphaproteobacteria","Sphingomonadales","Sphingomonadaceae","Sphingomonas"
"Sphingorhabdus",0,0,0,0,0,0,0,0,0,0,0,0,0,0,0,0,0,0.00073034163758825,0.00050778605280975,0,0,0,0.00169820475497331,0,0,0,"Bacteria","Proteobacteria","Alphaproteobacteria","Sphingomonadales","Sphingomonadaceae","Sphingorhabdus"
"Sporichthya",0,0,0,0,0,0,0,0,0,0,0,0,0,0,0,0,0,0.000649192566745111,0,0,0,0,0,0,0,0,"Bacteria","Actinobacteriota","Actinobacteria","Frankiales","Sporichthyaceae","Sporichthya"
"Sporichthyaceae",0.0206040992448759,0.00151499043163938,0,0,0.00195417789757412,0,0.00334938245760938,0.00404884318766067,0,0,0.00227318312495821,0.00435339308578745,0.00212359311955829,0,0,0.000782027584245699,0,0.04033108820904,0.0453199052132701,0.0410619065271322,0.0272407732864675,0.0123483852111647,0.0157690441533236,0,0.00304291125877166,0.00155601659751037,"Bacteria","Actinobacteriota","Actinobacteria","Frankiales","Sporichthyaceae","Sporichthyaceae"
"Streptococcus",0,0,0,0,0,0,0,0,0,0,0,0,0,0,0,0,0,0,0,0,0,0,0,0,0,0,"Bacteria","Firmicutes","Bacilli","Lactobacillales","Streptococcaceae","Streptococcus"
"Streptomyces",0.000377562028047465,0,0,0,0,0,0,0,0,0,0,0,0,0,0,0,0,0.0034488355108334,0.00228503723764387,0.00028515212866064,0,0.0112523746894637,0.00382096069868996,0,0,0,"Bacteria","Actinobacteriota","Actinobacteria","Streptomycetales","Streptomycetaceae","Streptomyces"
"Subgroup_10",0,0,0,0.00044762757385855,0,0,0,0,0,0.000279516994633274,0,0,0,0,0,0,0,0,0.000211577522004062,0,0,0,0,0,0,0,"Bacteria","Acidobacteriota","Thermoanaerobaculia","Thermoanaerobaculales","Thermoanaerobaculaceae","Subgroup_10"
"Subgroup_11",0,0,0,0,0,0,0,0,0,0,0,0,0,0,0,0,0.000256305105597704,0,0,0,0,0,0,0,0,0.000518672199170124,"Bacteria","Acidobacteriota","Subgroup_11","Subgroup_11","Subgroup_11","Subgroup_11"
"Subgroup_17",0,0,0,0,0,0,0,0,0,0,0,0.000320102432778489,0,0,0,0,0,0,0.000423155044008125,0,0,0,0.000727802037845706,0,0,0,"Bacteria","Acidobacteriota","Vicinamibacteria","Subgroup_17","Subgroup_17","Subgroup_17"
"Subgroup_18",0,0,0,0,0,0,0,0,0,0,0,0,0,0,0,0,0,0.000243447212529417,0,0,0,0,0,0,0,0,"Bacteria","Acidobacteriota","Subgroup_18","Subgroup_18","Subgroup_18","Subgroup_18"
"Subgroup_2",0,0,0,0,0,0,0,0.00032133676092545,0,0,0,0,0,0,0,0,0,0,0,0,0,0,0,0,0,0,"Bacteria","Acidobacteriota","Acidobacteriae","Subgroup_2","Subgroup_2","Subgroup_2"
"Subgroup_7",0.00102481121898598,0.00100999362109292,0.000382189948404357,0.00111906893464637,0.00134770889487871,0.001806249623698,0.00167469122880469,0.00173521850899743,0,0,0.00147088319850237,0.00166453265044814,0.00261909818078856,0.00133567662565905,0.0013431403901503,0.00106640125124413,0.000973959401271273,0,0.000253893026404875,0,0,0,0,0.00137961481154462,0.00130410482518785,0.00184416781927155,"Bacteria","Acidobacteriota","Holophagae","Subgroup_7","Subgroup_7","Subgroup_7"
"Sulfuritalea",0.00102481121898598,0.00050499681054646,0,0,0.0011455525606469,0.00102354145342886,0.000942013816202638,0.00167095115681234,0,0.000838550983899821,0.00180517483452564,0.00172855313700384,0.0014865151836908,0.000843585237258348,0.00121522225775504,0.00163514858524101,0,0,0.00156567366283006,0.000370697767258833,0,0,0,0.00115887644169748,0,0.000749193176579069,"Bacteria","Proteobacteria","Gammaproteobacteria","Burkholderiales","Rhodocyclaceae","Sulfuritalea"
"SWB02",0.000134843581445523,0.0014086753136296,0.00128306625535748,0.00134288272157565,0.00222371967654987,0.00222770786922753,0.00214569813690601,0.00205655526992288,0.00492870973420173,0.00547853309481216,0.00715384101089791,0.00121638924455826,0.00750336235577263,0.00421792618629174,0.00345378957467221,0.00177733541874022,0.00199917982366209,0.000243447212529417,0.000211577522004062,0,0,0,0,0.00220738369847139,0.0019872073526672,0.00293914246196404,"Bacteria","Proteobacteria","Alphaproteobacteria","Caulobacterales","Hyphomonadaceae","SWB02"
"Symbiobacterium",0,0,0,0,0,0,0,0,0,0,0,0,0,0,0,0,0,0,0,0,0,0.000365336840567003,0,0,0,0,"Bacteria","Firmicutes","Symbiobacteriia","Symbiobacteriales","Symbiobacteraceae","Symbiobacterium"
"Syntrophus",0,0,0,0,0,0,0,0,0,0,0,0,0,0,0,0,0,0,0.000253893026404875,0,0,0,0,0,0,0,"Bacteria","Desulfobacterota","Syntrophia","Syntrophales","Syntrophaceae","Syntrophus"
"T34",0,0,0,0,0,0,0,0,0,0,0,0,0,0,0,0,0,0,0,0.000171091277196384,0,0,0,0,0,0,"Bacteria","Proteobacteria","Gammaproteobacteria","Burkholderiales","T34","T34"
"Terrimicrobium",0,0,0,0,0.000336927223719677,0,0.000261670504500733,0,0,0,0,0,0,0,0,0,0,0,0,0,0,0,0,0,0,0,"Bacteria","Verrucomicrobiota","Verrucomicrobiae","Chthoniobacterales","Terrimicrobiaceae","Terrimicrobium"
"Terrimonas",0.00132146709816613,0.000372102913034233,0.00040948923043324,0,0,0,0.000523341009001465,0,0.000880126738250308,0,0,0.00224071702944942,0,0.00196836555360281,0.0015350175887432,0.00255936300298592,0.0013840475702276,0,0.000761679079214624,0,0,0,0,0.00187627614370068,0.00273241010991741,0.00103734439834025,"Bacteria","Bacteroidota","Bacteroidia","Chitinophagales","Chitinophagaceae","Terrimonas"
"Thermoactinomyces",0,0,0,0,0,0,0,0,0,0,0,0,0,0,0,0,0,0,0,0,0,0,0.000909752547307132,0,0,0,"Bacteria","Firmicutes","Bacilli","Thermoactinomycetales","Thermoactinomycetaceae","Thermoactinomyces"
"Thermobispora",0,0,0,0,0,0,0,0,0,0,0,0,0,0,0,0,0,0,0,0,0,0,0.000363901018922853,0,0,0,"Bacteria","Actinobacteriota","Actinobacteria","Streptosporangiales","Thermomonosporaceae","Thermobispora"
"Thiothrix",0,0,0,0,0,0,0,0,0,0,0,0,0,0,0,0,0,0,0.000211577522004062,0,0,0,0,0,0,0,"Bacteria","Proteobacteria","Gammaproteobacteria","Thiotrichales","Thiotrichaceae","Thiothrix"
"TK10",0,0.000159472677014671,0,0,0,0,0,0,0,0,0,0,0,0,0,0,0,0,0,0,0,0,0,0,0,0,"Bacteria","Chloroflexi","TK10","TK10","TK10","TK10"
"TM7a",0,0,0,0,0,0,0,0,0,0,0,0,0,0,0,0,0,0.000568043495901972,0.000380839539607312,0,0,0,0.000606501698204755,0,0,0,"Bacteria","Patescibacteria","Saccharimonadia","Saccharimonadales","Saccharimonadaceae","TM7a"
"TRA3-20",0.00342502696871629,0.00624601318307463,0.00657912696896072,0.00716204118173679,0.00990566037735849,0.00830874826901078,0.00293070965040821,0.00719794344473008,0.00668896321070234,0.00301878354203936,0.00768870762853513,0.00518565941101152,0.0134494230905359,0.00471001757469244,0.00217460825071954,0.0015640551684914,0.0057924953865081,0.00247504666071574,0.00351218686526743,0.00513273831589153,0.00533517449158925,0.00957182522285547,0.00485201358563804,0.00435958280448099,0.0116748431969198,0.00121023513139696,"Bacteria","Proteobacteria","Gammaproteobacteria","Burkholderiales","TRA3-20","TRA3-20"
"Tundrisphaera",0.00226537216828479,0.0011163087391027,0.00120116840927084,0.0070874365860937,0.00478436657681941,0.00379312420976579,0.00429139627381202,0.00282776349614396,0.00698233879011911,0.00849731663685152,0.00240689977936752,0.00435339308578745,0.00205280668223968,0.00499121265377856,0.00370962583946274,0.00447888525522537,0.00297313922493336,0,0,0,0,0,0,0.00320070636278351,0.00335341240762591,0.00449515905947441,"Bacteria","Planctomycetota","Planctomycetes","Isosphaerales","Isosphaeraceae","Tundrisphaera"
"Turicibacter",0,0,0,0,0,0,0,0,0,0,0,0,0,0,0,0,0,0,0,0,0,0,0.00133430373605046,0,0,0,"Bacteria","Firmicutes","Bacilli","Erysipelotrichales","Erysipelotrichaceae","Turicibacter"
"Uliginosibacterium",0,0,0,0,0,0,0,0,0,0,0,0,0,0,0,0,0,0.000446319889637264,0,0,0,0,0,0,0,0,"Bacteria","Proteobacteria","Gammaproteobacteria","Burkholderiales","Rhodocyclaceae","Uliginosibacterium"
"uncultured",0.0802319309600863,0.113571124813949,0.0882039802353198,0.145180543121456,0.144743935309973,0.172436630742369,0.181703998325309,0.144730077120823,0.141054978583583,0.116279069767442,0.097212007755566,0.116709346991037,0.105613364479366,0.172442882249561,0.1378317876559,0.133229062988767,0.172390814025015,0.0649598312099327,0.0654197698036561,0.00456243405857025,0.0127416520210896,0.0769399386234108,0.0852134885977681,0.190110921030848,0.187791094827051,0.18453204241586,"Bacteria","Actinobacteriota","Acidimicrobiia","Microtrichales","Ilumatobacteraceae","uncultured"
"Undibacterium",0.000782092772384035,0,0,0,0,0,0,0,0,0,0,0,0,0,0,0,0,0.00150125781059807,0.002708192281652,0.00193903447489236,0.00219683655536028,0,0,0,0,0,"Bacteria","Proteobacteria","Gammaproteobacteria","Burkholderiales","Oxalobacteraceae","Undibacterium"
"Unknown",0.345388349514563,0.357590899425898,0.389424258142011,0.397642494777678,0.340970350404313,0.310614726955265,0.290035587188612,0.321015424164524,0.336912515402218,0.427101967799642,0.334826502640904,0.369590268886044,0.318397395059107,0.366748681898067,0.316597377678286,0.312384473197782,0.368156653680541,0.503286537369147,0.444101218686527,0.326099974336308,0.329274416269144,0.407204442495981,0.429039301310044,0.305833011423211,0.321803390672545,0.335696173351775,"Unassigned",NA,NA,NA,NA,"Unknown"
"URHD0088",0,0,0,0,0,0,0,0,0,0.000782647584973166,0,0,0.000353932186593049,0.000421792618629174,0.000319795330988168,0,0,0,0,0,0,0,0,0,0,0,"Bacteria","Proteobacteria","Alphaproteobacteria","Elsterales","URHD0088","URHD0088"
"Veillonella",0,0,0,0,0,0,0,0,0,0,0,0,0,0,0,0,0,0,0,0,0,0,0,0,0,0,"Bacteria","Firmicutes","Negativicutes","Veillonellales-Selenomonadales","Veillonellaceae","Veillonella"
"Vermiphilaceae",0,0.000212630236019562,0,0.00104446433900328,0,0,0,0,0,0,0.00193889148893495,0,0.0036101083032491,0,0,0,0,0,0,0,0,0,0,0,0,0,"Bacteria","Dependentiae","Babeliae","Babeliales","Vermiphilaceae","Vermiphilaceae"
"Vicinamibacteraceae",0.00339805825242718,0.00433234105889858,0.00406759302230351,0.00335720680393912,0.0154986522911051,0.00842916491059064,0.0052857441909148,0.0111825192802057,0.0110895969019539,0.0111247763864043,0.00782242428294444,0.00518565941101152,0.005804487860126,0.00456942003514938,0.00262232171410297,0.00263045641973553,0.00840680746360467,0,0.000211577522004062,0,0,0,0,0.00458032117432813,0.00968763584425262,0.00530198248040572,"Bacteria","Acidobacteriota","Vicinamibacteria","Vicinamibacterales","Vicinamibacteraceae","Vicinamibacteraceae"
"WD260",0.00434196332254585,0.0174356793536041,0.0249515437743987,0.0180543121456282,0.00599730458221024,0.00626166536215305,0.00826878794222315,0.0077120822622108,0.0067476383265857,0.00335420393559928,0.0030086247242094,0.00480153649167734,0.00247752530615134,0.0112478031634446,0.0145826670930604,0.0189819422721456,0.0109698585195817,0.000243447212529417,0,0.000171091277196384,0,0,0,0.0028695988080128,0,0,"Bacteria","Proteobacteria","Gammaproteobacteria","WD260","WD260","WD260"
"WPS-2",0,0,0,0,0,0,0,0,0,0,0,0,0.000424718623911659,0,0,0,0,0,0,0,0,0,0,0,0,0,"Bacteria","WPS-2","WPS-2","WPS-2","WPS-2","WPS-2"
"Zavarziniaceae",0,0,0,0,0,0,0,0,0,0,0,0,0,0,0,0,0,0.000973788850117666,0.000634732566012187,0,0,0,0.000727802037845706,0,0,0,"Bacteria","Proteobacteria","Alphaproteobacteria","Zavarziniales","Zavarziniaceae","Zavarziniaceae"
"Zoogloea",0,0,0,0,0,0,0,0,0,0,0,0,0,0,0,0,0,0.00137953420433336,0.002031144211239,0,0,0,0.000727802037845706,0,0,0,"Bacteria","Proteobacteria","Gammaproteobacteria","Burkholderiales","Rhodocyclaceae","Zoogloea"
