"","term","group1","group2","null.value","estimate","conf.low","conf.high","p.adj","p.adj.signif","metric"
"1","AA","Clarified_Outlet","DAF_Sludge",0,1.10694673295029,0.42782082823006,1.78607263767053,0.000898,"***","Shannon"
"2","AA","Clarified_Outlet","Raw_Water",0,1.40600802280177,0.726882118081539,2.08513392752201,7.66e-05,"****","Shannon"
"3","AA","Clarified_Outlet","RGF1",0,1.82498473334839,1.14585882862815,2.50411063806862,4.1e-06,"****","Shannon"
"4","AA","Clarified_Outlet","RGF1B_1L_Matrix",0,1.64397719540125,0.964851290681017,2.32310310012149,1.36e-05,"****","Shannon"
"5","AA","Clarified_Outlet","RGF1B_Matrix",0,1.57345801173461,0.894332107014379,2.25258391645485,2.22e-05,"****","Shannon"
"6","AA","Clarified_Outlet","RGF1B_Water",0,1.90046574496668,1.22133984024645,2.57959164968691,2.56e-06,"****","Shannon"
"7","AA","Clarified_Outlet","RGF2",0,1.67409546093913,0.994969556218894,2.35322136565936,1.1e-05,"****","Shannon"
"8","AA","Clarified_Outlet","RGF3",0,1.44436357779295,0.765237673072715,2.12348948251318,5.72e-05,"****","Shannon"
"9","AA","Clarified_Outlet","RGF4",0,1.79087476107368,1.11174885635345,2.47000066579392,5.09e-06,"****","Shannon"
"10","AA","Clarified_Outlet","RGF5",0,1.87252839434334,1.19340248962311,2.55165429906358,3.04e-06,"****","Shannon"
"11","AA","Clarified_Outlet","RGF6",0,1.79333496175197,1.11420905703173,2.4724608664722,5.01e-06,"****","Shannon"
"12","AA","Clarified_Outlet","RGF7",0,1.69553405104676,1.01640814632652,2.37465995576699,9.55e-06,"****","Shannon"
"13","AA","DAF_Sludge","Raw_Water",0,0.299061289851479,-0.380064614868755,0.978187194571713,0.842,"ns","Shannon"
"14","AA","DAF_Sludge","RGF1",0,0.718038000398093,0.038912095677859,1.39716390511833,0.0344,"*","Shannon"
"15","AA","DAF_Sludge","RGF1B_1L_Matrix",0,0.537030462450956,-0.142095442269278,1.21615636717119,0.186,"ns","Shannon"
"16","AA","DAF_Sludge","RGF1B_Matrix",0,0.466511278784319,-0.212614625935915,1.14563718350455,0.332,"ns","Shannon"
"17","AA","DAF_Sludge","RGF1B_Water",0,0.793519012016385,0.114393107296151,1.47264491673662,0.0165,"*","Shannon"
"18","AA","DAF_Sludge","RGF2",0,0.567148727988833,-0.111977176731401,1.24627463270907,0.142,"ns","Shannon"
"19","AA","DAF_Sludge","RGF3",0,0.337416844842655,-0.341709059877579,1.01654274956289,0.731,"ns","Shannon"
"20","AA","DAF_Sludge","RGF4",0,0.68392802812339,0.00480212340315567,1.36305393284362,0.0477,"*","Shannon"
"21","AA","DAF_Sludge","RGF5",0,0.765581661393047,0.086455756672813,1.44470756611328,0.0217,"*","Shannon"
"22","AA","DAF_Sludge","RGF6",0,0.686388228801672,0.00726232408143779,1.36551413352191,0.0466,"*","Shannon"
"23","AA","DAF_Sludge","RGF7",0,0.588587318096462,-0.0905385866237716,1.2677132228167,0.117,"ns","Shannon"
"24","AA","Raw_Water","RGF1",0,0.418976710546614,-0.26014919417362,1.09810261526685,0.466,"ns","Shannon"
"25","AA","Raw_Water","RGF1B_1L_Matrix",0,0.237969172599477,-0.441156732120757,0.917095077319712,0.957,"ns","Shannon"
"26","AA","Raw_Water","RGF1B_Matrix",0,0.16744998893284,-0.511675915787394,0.846575893653074,0.997,"ns","Shannon"
"27","AA","Raw_Water","RGF1B_Water",0,0.494457722164906,-0.184668182555328,1.17358362688514,0.266,"ns","Shannon"
"28","AA","Raw_Water","RGF2",0,0.268087438137354,-0.41103846658288,0.947213342857588,0.911,"ns","Shannon"
"29","AA","Raw_Water","RGF3",0,0.0383555549911758,-0.640770349729058,0.71748145971141,1,"ns","Shannon"
"30","AA","Raw_Water","RGF4",0,0.384866738271911,-0.294259166448323,1.06399264299214,0.576,"ns","Shannon"
"31","AA","Raw_Water","RGF5",0,0.466520371541568,-0.212605533178666,1.1456462762618,0.332,"ns","Shannon"
"32","AA","Raw_Water","RGF6",0,0.387326938950193,-0.291798965770041,1.06645284367043,0.568,"ns","Shannon"
"33","AA","Raw_Water","RGF7",0,0.289526028244984,-0.38959987647525,0.968651932965218,0.866,"ns","Shannon"
"34","AA","RGF1","RGF1B_1L_Matrix",0,-0.181007537947137,-0.860133442667371,0.498118366773097,0.994,"ns","Shannon"
"35","AA","RGF1","RGF1B_Matrix",0,-0.251526721613774,-0.930652626334008,0.42759918310646,0.939,"ns","Shannon"
"36","AA","RGF1","RGF1B_Water",0,0.075481011618292,-0.603644893101942,0.754606916338526,1,"ns","Shannon"
"37","AA","RGF1","RGF2",0,-0.15088927240926,-0.830015177129494,0.528236632310974,0.999,"ns","Shannon"
"38","AA","RGF1","RGF3",0,-0.380621155555438,-1.05974706027567,0.298504749164796,0.59,"ns","Shannon"
"39","AA","RGF1","RGF4",0,-0.0341099722747034,-0.713235876994937,0.645015932445531,1,"ns","Shannon"
"40","AA","RGF1","RGF5",0,0.047543660994954,-0.63158224372528,0.726669565715188,1,"ns","Shannon"
"41","AA","RGF1","RGF6",0,-0.0316497715964212,-0.710775676316655,0.647476133123813,1,"ns","Shannon"
"42","AA","RGF1","RGF7",0,-0.129450682301631,-0.808576587021865,0.549675222418603,1,"ns","Shannon"
"43","AA","RGF1B_1L_Matrix","RGF1B_Matrix",0,-0.0705191836666375,-0.749645088386871,0.608606721053597,1,"ns","Shannon"
"44","AA","RGF1B_1L_Matrix","RGF1B_Water",0,0.256488549565429,-0.422637355154805,0.935614454285663,0.932,"ns","Shannon"
"45","AA","RGF1B_1L_Matrix","RGF2",0,0.0301182655378769,-0.649007639182357,0.709244170258111,1,"ns","Shannon"
"46","AA","RGF1B_1L_Matrix","RGF3",0,-0.199613617608302,-0.878739522328536,0.479512287111932,0.988,"ns","Shannon"
"47","AA","RGF1B_1L_Matrix","RGF4",0,0.146897565672433,-0.532228339047801,0.826023470392667,0.999,"ns","Shannon"
"48","AA","RGF1B_1L_Matrix","RGF5",0,0.228551198942091,-0.450574705778143,0.907677103662325,0.967,"ns","Shannon"
"49","AA","RGF1B_1L_Matrix","RGF6",0,0.149357766350716,-0.529768138369519,0.82848367107095,0.999,"ns","Shannon"
"50","AA","RGF1B_1L_Matrix","RGF7",0,0.0515568556455062,-0.627569049074728,0.73068276036574,1,"ns","Shannon"
"51","AA","RGF1B_Matrix","RGF1B_Water",0,0.327007733232066,-0.352118171488168,1.0061336379523,0.764,"ns","Shannon"
"52","AA","RGF1B_Matrix","RGF2",0,0.100637449204514,-0.57848845551572,0.779763353924748,1,"ns","Shannon"
"53","AA","RGF1B_Matrix","RGF3",0,-0.129094433941664,-0.808220338661898,0.55003147077857,1,"ns","Shannon"
"54","AA","RGF1B_Matrix","RGF4",0,0.217416749339071,-0.461709155381163,0.896542654059305,0.977,"ns","Shannon"
"55","AA","RGF1B_Matrix","RGF5",0,0.299070382608728,-0.380055522111506,0.978196287328962,0.842,"ns","Shannon"
"56","AA","RGF1B_Matrix","RGF6",0,0.219876950017353,-0.459248954702881,0.899002854737587,0.975,"ns","Shannon"
"57","AA","RGF1B_Matrix","RGF7",0,0.122076039312144,-0.55704986540809,0.801201944032378,1,"ns","Shannon"
"58","AA","RGF1B_Water","RGF2",0,-0.226370284027552,-0.905496188747786,0.452755620692682,0.969,"ns","Shannon"
"59","AA","RGF1B_Water","RGF3",0,-0.45610216717373,-1.13522807189396,0.223023737546504,0.359,"ns","Shannon"
"60","AA","RGF1B_Water","RGF4",0,-0.109590983892995,-0.788716888613229,0.569534920827239,1,"ns","Shannon"
"61","AA","RGF1B_Water","RGF5",0,-0.027937350623338,-0.707063255343572,0.651188554096896,1,"ns","Shannon"
"62","AA","RGF1B_Water","RGF6",0,-0.107130783214713,-0.786256687934947,0.571995121505521,1,"ns","Shannon"
"63","AA","RGF1B_Water","RGF7",0,-0.204931693919923,-0.884057598640157,0.474194210800311,0.985,"ns","Shannon"
"64","AA","RGF2","RGF3",0,-0.229731883146179,-0.908857787866413,0.449394021574056,0.966,"ns","Shannon"
"65","AA","RGF2","RGF4",0,0.116779300134557,-0.562346604585678,0.795905204854791,1,"ns","Shannon"
"66","AA","RGF2","RGF5",0,0.198432933404214,-0.48069297131602,0.877558838124448,0.988,"ns","Shannon"
"67","AA","RGF2","RGF6",0,0.119239500812839,-0.559886403907395,0.798365405533073,1,"ns","Shannon"
"68","AA","RGF2","RGF7",0,0.0214385901076293,-0.657687314612605,0.700564494827863,1,"ns","Shannon"
"69","AA","RGF3","RGF4",0,0.346511183280735,-0.332614721439499,1.02563708800097,0.702,"ns","Shannon"
"70","AA","RGF3","RGF5",0,0.428164816550392,-0.250961088169842,1.10729072127063,0.438,"ns","Shannon"
"71","AA","RGF3","RGF6",0,0.348971383959017,-0.330154520761217,1.02809728867925,0.694,"ns","Shannon"
"72","AA","RGF3","RGF7",0,0.251170473253808,-0.427955431466426,0.930296377974042,0.94,"ns","Shannon"
"73","AA","RGF4","RGF5",0,0.0816536332696574,-0.597472271450577,0.760779537989891,1,"ns","Shannon"
"74","AA","RGF4","RGF6",0,0.00246020067828212,-0.676665704041952,0.681586105398516,1,"ns","Shannon"
"75","AA","RGF4","RGF7",0,-0.0953407100269272,-0.774466614747161,0.583785194693307,1,"ns","Shannon"
"76","AA","RGF5","RGF6",0,-0.0791934325913752,-0.758319337311609,0.599932472128859,1,"ns","Shannon"
"77","AA","RGF5","RGF7",0,-0.176994343296585,-0.856120248016819,0.502131561423649,0.995,"ns","Shannon"
"78","AA","RGF6","RGF7",0,-0.0978009107052094,-0.776926815425443,0.581324994015025,1,"ns","Shannon"
"79","AA","Clarified_Outlet","DAF_Sludge",0,32.9531466691616,-178.337641266193,244.243934604517,1,"ns","Inv_Simpson"
"80","AA","Clarified_Outlet","Raw_Water",0,101.173538045693,-110.117249889662,312.464325981048,0.769,"ns","Inv_Simpson"
"81","AA","Clarified_Outlet","RGF1",0,190.03204141008,-21.2587465252748,401.322829345435,0.0955,"ns","Inv_Simpson"
"82","AA","Clarified_Outlet","RGF1B_1L_Matrix",0,145.145828445387,-66.1449594899676,356.436616380742,0.332,"ns","Inv_Simpson"
"83","AA","Clarified_Outlet","RGF1B_Matrix",0,118.368664176718,-92.9221237586367,329.659452112073,0.59,"ns","Inv_Simpson"
"84","AA","Clarified_Outlet","RGF1B_Water",0,186.017452903922,-25.2733350314334,397.308240839277,0.108,"ns","Inv_Simpson"
"85","AA","Clarified_Outlet","RGF2",0,140.013473239151,-71.2773146962044,351.304261174506,0.375,"ns","Inv_Simpson"
"86","AA","Clarified_Outlet","RGF3",0,91.0549584878604,-120.235829447495,302.345746423215,0.858,"ns","Inv_Simpson"
"87","AA","Clarified_Outlet","RGF4",0,185.960774087286,-25.330013848069,397.251562022641,0.108,"ns","Inv_Simpson"
"88","AA","Clarified_Outlet","RGF5",0,198.873118347264,-12.4176695880911,410.163906282619,0.0732,"ns","Inv_Simpson"
"89","AA","Clarified_Outlet","RGF6",0,173.090269106665,-38.20051882869,384.38105704202,0.157,"ns","Inv_Simpson"
"90","AA","Clarified_Outlet","RGF7",0,107.215095447913,-104.075692487442,318.505883383268,0.709,"ns","Inv_Simpson"
"91","AA","DAF_Sludge","Raw_Water",0,68.2203913765317,-143.070396558823,279.511179311887,0.976,"ns","Inv_Simpson"
"92","AA","DAF_Sludge","RGF1",0,157.078894740919,-54.2118931944364,368.369682676274,0.244,"ns","Inv_Simpson"
"93","AA","DAF_Sludge","RGF1B_1L_Matrix",0,112.192681776226,-99.0981061591292,323.483469711581,0.656,"ns","Inv_Simpson"
"94","AA","DAF_Sludge","RGF1B_Matrix",0,85.4155175075567,-125.875270427798,296.706305442912,0.899,"ns","Inv_Simpson"
"95","AA","DAF_Sludge","RGF1B_Water",0,153.06430623476,-58.226481700595,364.355094170115,0.271,"ns","Inv_Simpson"
"96","AA","DAF_Sludge","RGF2",0,107.060326569989,-104.230461365366,318.351114505344,0.71,"ns","Inv_Simpson"
"97","AA","DAF_Sludge","RGF3",0,58.1018118186988,-153.188976116656,269.392599754054,0.993,"ns","Inv_Simpson"
"98","AA","DAF_Sludge","RGF4",0,153.007627418124,-58.2831605172306,364.298415353479,0.272,"ns","Inv_Simpson"
"99","AA","DAF_Sludge","RGF5",0,165.919971678102,-45.3708162572527,377.210759613457,0.192,"ns","Inv_Simpson"
"100","AA","DAF_Sludge","RGF6",0,140.137122437503,-71.1536654978516,351.427910372858,0.374,"ns","Inv_Simpson"
"101","AA","DAF_Sludge","RGF7",0,74.2619487787512,-137.028839156604,285.552736714106,0.956,"ns","Inv_Simpson"
"102","AA","Raw_Water","RGF1",0,88.8585033643869,-122.432284570968,300.149291299742,0.875,"ns","Inv_Simpson"
"103","AA","Raw_Water","RGF1B_1L_Matrix",0,43.9722903996941,-167.318497535661,255.263078335049,0.999,"ns","Inv_Simpson"
"104","AA","Raw_Water","RGF1B_Matrix",0,17.1951261310251,-194.09566180433,228.48591406638,1,"ns","Inv_Simpson"
"105","AA","Raw_Water","RGF1B_Water",0,84.8439148582283,-126.446873077127,296.134702793583,0.903,"ns","Inv_Simpson"
"106","AA","Raw_Water","RGF2",0,38.8399351934574,-172.450852741898,250.130723128812,1,"ns","Inv_Simpson"
"107","AA","Raw_Water","RGF3",0,-10.1185795578329,-221.409367493188,201.172208377522,1,"ns","Inv_Simpson"
"108","AA","Raw_Water","RGF4",0,84.7872360415928,-126.503551893762,296.078023976948,0.903,"ns","Inv_Simpson"
"109","AA","Raw_Water","RGF5",0,97.6995803015706,-113.591207633784,308.990368236926,0.802,"ns","Inv_Simpson"
"110","AA","Raw_Water","RGF6",0,71.9167310609718,-139.374056874383,283.207518996327,0.965,"ns","Inv_Simpson"
"111","AA","Raw_Water","RGF7",0,6.04155740221958,-205.249230533135,217.332345337575,1,"ns","Inv_Simpson"
"112","AA","RGF1","RGF1B_1L_Matrix",0,-44.8862129646928,-256.177000900048,166.404574970662,0.999,"ns","Inv_Simpson"
"113","AA","RGF1","RGF1B_Matrix",0,-71.6633772333619,-282.954165168717,139.627410701993,0.966,"ns","Inv_Simpson"
"114","AA","RGF1","RGF1B_Water",0,-4.01458850615862,-215.305376441514,207.276199429196,1,"ns","Inv_Simpson"
"115","AA","RGF1","RGF2",0,-50.0185681709296,-261.309356106285,161.272219764425,0.998,"ns","Inv_Simpson"
"116","AA","RGF1","RGF3",0,-98.9770829222198,-310.267870857575,112.313705013135,0.79,"ns","Inv_Simpson"
"117","AA","RGF1","RGF4",0,-4.07126732279417,-215.362055258149,207.219520612561,1,"ns","Inv_Simpson"
"118","AA","RGF1","RGF5",0,8.84107693718371,-202.449710998171,220.131864872539,1,"ns","Inv_Simpson"
"119","AA","RGF1","RGF6",0,-16.9417723034152,-228.23256023877,194.34901563194,1,"ns","Inv_Simpson"
"120","AA","RGF1","RGF7",0,-82.8169459621674,-294.107733897522,128.473841973188,0.915,"ns","Inv_Simpson"
"121","AA","RGF1B_1L_Matrix","RGF1B_Matrix",0,-26.7771642686691,-238.067952204024,184.513623666686,1,"ns","Inv_Simpson"
"122","AA","RGF1B_1L_Matrix","RGF1B_Water",0,40.8716244585342,-170.419163476821,252.162412393889,1,"ns","Inv_Simpson"
"123","AA","RGF1B_1L_Matrix","RGF2",0,-5.13235520623678,-216.423143141592,206.158432729118,1,"ns","Inv_Simpson"
"124","AA","RGF1B_1L_Matrix","RGF3",0,-54.090869957527,-265.381657892882,157.199917977828,0.996,"ns","Inv_Simpson"
"125","AA","RGF1B_1L_Matrix","RGF4",0,40.8149456418986,-170.475842293456,252.105733577254,1,"ns","Inv_Simpson"
"126","AA","RGF1B_1L_Matrix","RGF5",0,53.7272899018765,-157.563498033479,265.018077837232,0.996,"ns","Inv_Simpson"
"127","AA","RGF1B_1L_Matrix","RGF6",0,27.9444406612776,-183.346347274077,239.235228596633,1,"ns","Inv_Simpson"
"128","AA","RGF1B_1L_Matrix","RGF7",0,-37.9307329974746,-249.22152093283,173.36005493788,1,"ns","Inv_Simpson"
"129","AA","RGF1B_Matrix","RGF1B_Water",0,67.6487887272033,-143.641999208152,278.939576662558,0.977,"ns","Inv_Simpson"
"130","AA","RGF1B_Matrix","RGF2",0,21.6448090624323,-189.645978872923,232.935596997787,1,"ns","Inv_Simpson"
"131","AA","RGF1B_Matrix","RGF3",0,-27.313705688858,-238.604493624213,183.977082246497,1,"ns","Inv_Simpson"
"132","AA","RGF1B_Matrix","RGF4",0,67.5921099105677,-143.698678024787,278.882897845923,0.977,"ns","Inv_Simpson"
"133","AA","RGF1B_Matrix","RGF5",0,80.5044541705456,-130.786333764809,291.795242105901,0.928,"ns","Inv_Simpson"
"134","AA","RGF1B_Matrix","RGF6",0,54.7216049299467,-156.569183005408,266.012392865302,0.996,"ns","Inv_Simpson"
"135","AA","RGF1B_Matrix","RGF7",0,-11.1535687288055,-222.44435666416,200.13721920655,1,"ns","Inv_Simpson"
"136","AA","RGF1B_Water","RGF2",0,-46.003979664771,-257.294767600126,165.286808270584,0.999,"ns","Inv_Simpson"
"137","AA","RGF1B_Water","RGF3",0,-94.9624944160612,-306.253282351416,116.328293519294,0.826,"ns","Inv_Simpson"
"138","AA","RGF1B_Water","RGF4",0,-0.0566788166355536,-211.347466751991,211.234109118719,1,"ns","Inv_Simpson"
"139","AA","RGF1B_Water","RGF5",0,12.8556654433423,-198.435122492013,224.146453378697,1,"ns","Inv_Simpson"
"140","AA","RGF1B_Water","RGF6",0,-12.9271837972566,-224.217971732612,198.363604138098,1,"ns","Inv_Simpson"
"141","AA","RGF1B_Water","RGF7",0,-78.8023574560087,-290.093145391364,132.488430479346,0.937,"ns","Inv_Simpson"
"142","AA","RGF2","RGF3",0,-48.9585147512903,-260.249302686645,162.332273184065,0.998,"ns","Inv_Simpson"
"143","AA","RGF2","RGF4",0,45.9473008481354,-165.34348708722,257.23808878349,0.999,"ns","Inv_Simpson"
"144","AA","RGF2","RGF5",0,58.8596451081133,-152.431142827242,270.150433043468,0.992,"ns","Inv_Simpson"
"145","AA","RGF2","RGF6",0,33.0767958675144,-178.213992067841,244.367583802869,1,"ns","Inv_Simpson"
"146","AA","RGF2","RGF7",0,-32.7983777912378,-244.089165726593,178.492410144117,1,"ns","Inv_Simpson"
"147","AA","RGF3","RGF4",0,94.9058155994257,-116.384972335929,306.196603534781,0.827,"ns","Inv_Simpson"
"148","AA","RGF3","RGF5",0,107.818159859404,-103.472628075951,319.108947794759,0.702,"ns","Inv_Simpson"
"149","AA","RGF3","RGF6",0,82.0353106188046,-129.25547731655,293.32609855416,0.92,"ns","Inv_Simpson"
"150","AA","RGF3","RGF7",0,16.1601369600525,-195.130650975303,227.450924895407,1,"ns","Inv_Simpson"
"151","AA","RGF4","RGF5",0,12.9123442599779,-198.378443675377,224.203132195333,1,"ns","Inv_Simpson"
"152","AA","RGF4","RGF6",0,-12.870504980621,-224.161292915976,198.420282954734,1,"ns","Inv_Simpson"
"153","AA","RGF4","RGF7",0,-78.7456786393732,-290.036466574728,132.545109295982,0.937,"ns","Inv_Simpson"
"154","AA","RGF5","RGF6",0,-25.7828492405989,-237.073637175954,185.507938694756,1,"ns","Inv_Simpson"
"155","AA","RGF5","RGF7",0,-91.6580228993511,-302.948810834706,119.632765036004,0.854,"ns","Inv_Simpson"
"156","AA","RGF6","RGF7",0,-65.8751736587522,-277.165961594107,145.415614276603,0.981,"ns","Inv_Simpson"
"157","AA","Clarified_Outlet","DAF_Sludge",0,0.0733828626885555,-0.0693046847738735,0.216070410150985,0.694,"ns","Pielou_evenness"
"158","AA","Clarified_Outlet","Raw_Water",0,0.166654715334975,0.0239671678725464,0.309342262797404,0.0166,"*","Pielou_evenness"
"159","AA","Clarified_Outlet","RGF1",0,0.208799390043248,0.0661118425808188,0.351486937505677,0.00248,"**","Pielou_evenness"
"160","AA","Clarified_Outlet","RGF1B_1L_Matrix",0,0.187270742505521,0.044583195043092,0.32995828996795,0.00647,"**","Pielou_evenness"
"161","AA","Clarified_Outlet","RGF1B_Matrix",0,0.180283741664391,0.0375961942019622,0.32297128912682,0.00889,"**","Pielou_evenness"
"162","AA","Clarified_Outlet","RGF1B_Water",0,0.178855374938631,0.036167827476202,0.32154292240106,0.00949,"**","Pielou_evenness"
"163","AA","Clarified_Outlet","RGF2",0,0.167854269632645,0.0251667221702164,0.310541817095074,0.0157,"*","Pielou_evenness"
"164","AA","Clarified_Outlet","RGF3",0,0.152104900036575,0.00941735257414605,0.294792447499004,0.0325,"*","Pielou_evenness"
"165","AA","Clarified_Outlet","RGF4",0,0.211215483381423,0.0685279359189941,0.353903030843852,0.00223,"**","Pielou_evenness"
"166","AA","Clarified_Outlet","RGF5",0,0.209059894644405,0.0663723471819757,0.351747442106834,0.00246,"**","Pielou_evenness"
"167","AA","Clarified_Outlet","RGF6",0,0.192795589809572,0.0501080423471427,0.335483137272001,0.00505,"**","Pielou_evenness"
"168","AA","Clarified_Outlet","RGF7",0,0.17674739263932,0.0340598451768911,0.319434940101749,0.0104,"*","Pielou_evenness"
"169","AA","DAF_Sludge","Raw_Water",0,0.0932718526464199,-0.0494156948160091,0.235959400108849,0.392,"ns","Pielou_evenness"
"170","AA","DAF_Sludge","RGF1",0,0.135416527354692,-0.00727102010773678,0.278104074817121,0.0696,"ns","Pielou_evenness"
"171","AA","DAF_Sludge","RGF1B_1L_Matrix",0,0.113887879816965,-0.0287996676454635,0.256575427279394,0.178,"ns","Pielou_evenness"
"172","AA","DAF_Sludge","RGF1B_Matrix",0,0.106900878975836,-0.0357866684865933,0.249588426438265,0.236,"ns","Pielou_evenness"
"173","AA","DAF_Sludge","RGF1B_Water",0,0.105472512250075,-0.0372150352123535,0.248160059712504,0.25,"ns","Pielou_evenness"
"174","AA","DAF_Sludge","RGF2",0,0.0944714069440898,-0.0482161405183392,0.237158954406519,0.376,"ns","Pielou_evenness"
"175","AA","DAF_Sludge","RGF3",0,0.0787220373480195,-0.0639655101144095,0.221409584810449,0.61,"ns","Pielou_evenness"
"176","AA","DAF_Sludge","RGF4",0,0.137832620692868,-0.0048549267695614,0.280520168155297,0.0624,"ns","Pielou_evenness"
"177","AA","DAF_Sludge","RGF5",0,0.135677031955849,-0.00701051550657988,0.278364579418278,0.0688,"ns","Pielou_evenness"
"178","AA","DAF_Sludge","RGF6",0,0.119412727121016,-0.0232748203414129,0.262100274583445,0.141,"ns","Pielou_evenness"
"179","AA","DAF_Sludge","RGF7",0,0.103364529950765,-0.0393230175116644,0.246052077413194,0.271,"ns","Pielou_evenness"
"180","AA","Raw_Water","RGF1",0,0.0421446747082723,-0.100542872754157,0.184832222170701,0.987,"ns","Pielou_evenness"
"181","AA","Raw_Water","RGF1B_1L_Matrix",0,0.0206160271705456,-0.122071520291883,0.163303574632975,1,"ns","Pielou_evenness"
"182","AA","Raw_Water","RGF1B_Matrix",0,0.0136290263294158,-0.129058521133013,0.156316573791845,1,"ns","Pielou_evenness"
"183","AA","Raw_Water","RGF1B_Water",0,0.0122006596036556,-0.130486887858773,0.154888207066085,1,"ns","Pielou_evenness"
"184","AA","Raw_Water","RGF2",0,0.00119955429766994,-0.141487993164759,0.143887101760099,1,"ns","Pielou_evenness"
"185","AA","Raw_Water","RGF3",0,-0.0145498152984004,-0.157237362760829,0.128137732164029,1,"ns","Pielou_evenness"
"186","AA","Raw_Water","RGF4",0,0.0445607680464477,-0.0981267794159813,0.187248315508877,0.981,"ns","Pielou_evenness"
"187","AA","Raw_Water","RGF5",0,0.0424051793094292,-0.100282368153,0.185092726771858,0.987,"ns","Pielou_evenness"
"188","AA","Raw_Water","RGF6",0,0.0261408744745962,-0.116546672987833,0.168828421937025,1,"ns","Pielou_evenness"
"189","AA","Raw_Water","RGF7",0,0.0100926773043447,-0.132594870158084,0.152780224766774,1,"ns","Pielou_evenness"
"190","AA","RGF1","RGF1B_1L_Matrix",0,-0.0215286475377268,-0.164216195000156,0.121158899924702,1,"ns","Pielou_evenness"
"191","AA","RGF1","RGF1B_Matrix",0,-0.0285156483788566,-0.171203195841286,0.114171899083572,1,"ns","Pielou_evenness"
"192","AA","RGF1","RGF1B_Water",0,-0.0299440151046168,-0.172631562567046,0.112743532357812,0.999,"ns","Pielou_evenness"
"193","AA","RGF1","RGF2",0,-0.0409451204106024,-0.183632667873031,0.101742427051827,0.99,"ns","Pielou_evenness"
"194","AA","RGF1","RGF3",0,-0.0566944900066727,-0.199382037469102,0.0859930574557563,0.908,"ns","Pielou_evenness"
"195","AA","RGF1","RGF4",0,0.00241609333817538,-0.140271454124254,0.145103640800604,1,"ns","Pielou_evenness"
"196","AA","RGF1","RGF5",0,0.000260504601156897,-0.142427042861272,0.142948052063586,1,"ns","Pielou_evenness"
"197","AA","RGF1","RGF6",0,-0.0160038002336761,-0.158691347696105,0.126683747228753,1,"ns","Pielou_evenness"
"198","AA","RGF1","RGF7",0,-0.0320519974039276,-0.174739544866357,0.110635550058501,0.999,"ns","Pielou_evenness"
"199","AA","RGF1B_1L_Matrix","RGF1B_Matrix",0,-0.0069870008411298,-0.149674548303559,0.135700546621299,1,"ns","Pielou_evenness"
"200","AA","RGF1B_1L_Matrix","RGF1B_Water",0,-0.00841536756688999,-0.151102915029319,0.134272179895539,1,"ns","Pielou_evenness"
"201","AA","RGF1B_1L_Matrix","RGF2",0,-0.0194164728728756,-0.162104020335305,0.123271074589553,1,"ns","Pielou_evenness"
"202","AA","RGF1B_1L_Matrix","RGF3",0,-0.0351658424689459,-0.177853389931375,0.107521704993483,0.997,"ns","Pielou_evenness"
"203","AA","RGF1B_1L_Matrix","RGF4",0,0.0239447408759021,-0.118742806586527,0.166632288338331,1,"ns","Pielou_evenness"
"204","AA","RGF1B_1L_Matrix","RGF5",0,0.0217891521388837,-0.120898395323545,0.164476699601313,1,"ns","Pielou_evenness"
"205","AA","RGF1B_1L_Matrix","RGF6",0,0.00552484730405067,-0.137162700158378,0.14821239476648,1,"ns","Pielou_evenness"
"206","AA","RGF1B_1L_Matrix","RGF7",0,-0.0105233498662008,-0.15321089732863,0.132164197596228,1,"ns","Pielou_evenness"
"207","AA","RGF1B_Matrix","RGF1B_Water",0,-0.00142836672576019,-0.144115914188189,0.141259180736669,1,"ns","Pielou_evenness"
"208","AA","RGF1B_Matrix","RGF2",0,-0.0124294720317458,-0.155117019494175,0.130258075430683,1,"ns","Pielou_evenness"
"209","AA","RGF1B_Matrix","RGF3",0,-0.0281788416278161,-0.170866389090245,0.114508705834613,1,"ns","Pielou_evenness"
"210","AA","RGF1B_Matrix","RGF4",0,0.0309317417170319,-0.111755805745397,0.173619289179461,0.999,"ns","Pielou_evenness"
"211","AA","RGF1B_Matrix","RGF5",0,0.0287761529800135,-0.113911394482416,0.171463700442442,1,"ns","Pielou_evenness"
"212","AA","RGF1B_Matrix","RGF6",0,0.0125118481451805,-0.130175699317249,0.155199395607609,1,"ns","Pielou_evenness"
"213","AA","RGF1B_Matrix","RGF7",0,-0.00353634902507105,-0.1462238964875,0.139151198437358,1,"ns","Pielou_evenness"
"214","AA","RGF1B_Water","RGF2",0,-0.0110011053059856,-0.153688652768415,0.131686442156443,1,"ns","Pielou_evenness"
"215","AA","RGF1B_Water","RGF3",0,-0.026750474902056,-0.169438022364485,0.115937072560373,1,"ns","Pielou_evenness"
"216","AA","RGF1B_Water","RGF4",0,0.0323601084427921,-0.110327439019637,0.175047655905221,0.999,"ns","Pielou_evenness"
"217","AA","RGF1B_Water","RGF5",0,0.0302045197057736,-0.112483027756655,0.172892067168203,0.999,"ns","Pielou_evenness"
"218","AA","RGF1B_Water","RGF6",0,0.0139402148709407,-0.128747332591488,0.15662776233337,1,"ns","Pielou_evenness"
"219","AA","RGF1B_Water","RGF7",0,-0.00210798229931086,-0.14479552976174,0.140579565163118,1,"ns","Pielou_evenness"
"220","AA","RGF2","RGF3",0,-0.0157493695960703,-0.158436917058499,0.126938177866359,1,"ns","Pielou_evenness"
"221","AA","RGF2","RGF4",0,0.0433612137487778,-0.0993263337136512,0.186048761211207,0.984,"ns","Pielou_evenness"
"222","AA","RGF2","RGF5",0,0.0412056250117593,-0.10148192245067,0.183893172474188,0.989,"ns","Pielou_evenness"
"223","AA","RGF2","RGF6",0,0.0249413201769263,-0.117746227285503,0.167628867639355,1,"ns","Pielou_evenness"
"224","AA","RGF2","RGF7",0,0.00889312300667477,-0.133794424455754,0.151580670469104,1,"ns","Pielou_evenness"
"225","AA","RGF3","RGF4",0,0.0591105833448481,-0.0835769641175809,0.201798130807277,0.885,"ns","Pielou_evenness"
"226","AA","RGF3","RGF5",0,0.0569549946078296,-0.0857325528545994,0.199642542070259,0.906,"ns","Pielou_evenness"
"227","AA","RGF3","RGF6",0,0.0406906897729966,-0.101996857689432,0.183378237235426,0.99,"ns","Pielou_evenness"
"228","AA","RGF3","RGF7",0,0.0246424926027451,-0.118045054859684,0.167330040065174,1,"ns","Pielou_evenness"
"229","AA","RGF4","RGF5",0,-0.00215558873701849,-0.144843136199447,0.140531958725411,1,"ns","Pielou_evenness"
"230","AA","RGF4","RGF6",0,-0.0184198935718515,-0.16110744103428,0.124267653890578,1,"ns","Pielou_evenness"
"231","AA","RGF4","RGF7",0,-0.034468090742103,-0.177155638204532,0.108219456720326,0.998,"ns","Pielou_evenness"
"232","AA","RGF5","RGF6",0,-0.016264304834833,-0.158951852297262,0.126423242627596,1,"ns","Pielou_evenness"
"233","AA","RGF5","RGF7",0,-0.0323125020050845,-0.175000049467514,0.110375045457345,0.999,"ns","Pielou_evenness"
"234","AA","RGF6","RGF7",0,-0.0160481971702515,-0.158735744632681,0.126639350292177,1,"ns","Pielou_evenness"
"235","AA","Clarified_Outlet","DAF_Sludge",0,-0.000951728164573507,-0.586125365802859,0.584221909473712,1,"ns","Simpson_evenness"
"236","AA","Clarified_Outlet","Raw_Water",0,0.28134458715813,-0.303829050480156,0.866518224796415,0.765,"ns","Simpson_evenness"
"237","AA","Clarified_Outlet","RGF1",0,0.457916479018911,-0.127257158619375,1.0430901166572,0.195,"ns","Simpson_evenness"
"238","AA","Clarified_Outlet","RGF1B_1L_Matrix",0,0.351996110939549,-0.233177526698737,0.937169748577834,0.499,"ns","Simpson_evenness"
"239","AA","Clarified_Outlet","RGF1B_Matrix",0,0.293676462704153,-0.291497174934132,0.878850100342439,0.721,"ns","Simpson_evenness"
"240","AA","Clarified_Outlet","RGF1B_Water",0,0.313765744774879,-0.271407892863407,0.898939382413164,0.645,"ns","Simpson_evenness"
"241","AA","Clarified_Outlet","RGF2",0,0.28677122943011,-0.298402408208176,0.871944867068396,0.746,"ns","Simpson_evenness"
"242","AA","Clarified_Outlet","RGF3",0,0.205075188185391,-0.380098449452894,0.790248825823677,0.957,"ns","Simpson_evenness"
"243","AA","Clarified_Outlet","RGF4",0,0.477171793352862,-0.108001844285424,1.06234543099115,0.161,"ns","Simpson_evenness"
"244","AA","Clarified_Outlet","RGF5",0,0.452978328055242,-0.132195309583043,1.03815196569353,0.205,"ns","Simpson_evenness"
"245","AA","Clarified_Outlet","RGF6",0,0.374469474687786,-0.2107041629505,0.959643112326072,0.419,"ns","Simpson_evenness"
"246","AA","Clarified_Outlet","RGF7",0,0.200373818384381,-0.384799819253905,0.785547456022666,0.963,"ns","Simpson_evenness"
"247","AA","DAF_Sludge","Raw_Water",0,0.282296315322703,-0.302877322315582,0.867469952960989,0.762,"ns","Simpson_evenness"
"248","AA","DAF_Sludge","RGF1",0,0.458868207183484,-0.126305430454801,1.04404184482177,0.193,"ns","Simpson_evenness"
"249","AA","DAF_Sludge","RGF1B_1L_Matrix",0,0.352947839104122,-0.232225798534163,0.938121476742408,0.495,"ns","Simpson_evenness"
"250","AA","DAF_Sludge","RGF1B_Matrix",0,0.294628190868727,-0.290545446769559,0.879801828507012,0.717,"ns","Simpson_evenness"
"251","AA","DAF_Sludge","RGF1B_Water",0,0.314717472939452,-0.270456164698834,0.899891110577738,0.641,"ns","Simpson_evenness"
"252","AA","DAF_Sludge","RGF2",0,0.287722957594684,-0.297450680043602,0.872896595232969,0.742,"ns","Simpson_evenness"
"253","AA","DAF_Sludge","RGF3",0,0.206026916349965,-0.379146721288321,0.791200553988251,0.956,"ns","Simpson_evenness"
"254","AA","DAF_Sludge","RGF4",0,0.478123521517436,-0.10705011612085,1.06329715915572,0.159,"ns","Simpson_evenness"
"255","AA","DAF_Sludge","RGF5",0,0.453930056219816,-0.13124358141847,1.0391036938581,0.203,"ns","Simpson_evenness"
"256","AA","DAF_Sludge","RGF6",0,0.37542120285236,-0.209752434785926,0.960594840490645,0.416,"ns","Simpson_evenness"
"257","AA","DAF_Sludge","RGF7",0,0.201325546548954,-0.383848091089331,0.78649918418724,0.962,"ns","Simpson_evenness"
"258","AA","Raw_Water","RGF1",0,0.176571891860781,-0.408601745777505,0.761745529499067,0.985,"ns","Simpson_evenness"
"259","AA","Raw_Water","RGF1B_1L_Matrix",0,0.070651523781419,-0.514522113856867,0.655825161419705,1,"ns","Simpson_evenness"
"260","AA","Raw_Water","RGF1B_Matrix",0,0.0123318755460235,-0.572841762092262,0.597505513184309,1,"ns","Simpson_evenness"
"261","AA","Raw_Water","RGF1B_Water",0,0.0324211576167489,-0.552752480021537,0.617594795255035,1,"ns","Simpson_evenness"
"262","AA","Raw_Water","RGF2",0,0.00542664227198031,-0.579746995366305,0.590600279910266,1,"ns","Simpson_evenness"
"263","AA","Raw_Water","RGF3",0,-0.0762693989727384,-0.661443036611024,0.508904238665547,1,"ns","Simpson_evenness"
"264","AA","Raw_Water","RGF4",0,0.195827206194732,-0.389346431443553,0.781000843833018,0.969,"ns","Simpson_evenness"
"265","AA","Raw_Water","RGF5",0,0.171633740897113,-0.413539896741173,0.756807378535398,0.988,"ns","Simpson_evenness"
"266","AA","Raw_Water","RGF6",0,0.0931248875296564,-0.492048750108629,0.678298525167942,1,"ns","Simpson_evenness"
"267","AA","Raw_Water","RGF7",0,-0.080970768773749,-0.666144406412035,0.504202868864537,1,"ns","Simpson_evenness"
"268","AA","RGF1","RGF1B_1L_Matrix",0,-0.105920368079362,-0.691094005717648,0.479253269558924,1,"ns","Simpson_evenness"
"269","AA","RGF1","RGF1B_Matrix",0,-0.164240016314758,-0.749413653953043,0.420933621323528,0.992,"ns","Simpson_evenness"
"270","AA","RGF1","RGF1B_Water",0,-0.144150734244032,-0.729324371882318,0.441022903394253,0.997,"ns","Simpson_evenness"
"271","AA","RGF1","RGF2",0,-0.171145249588801,-0.756318887227087,0.414028388049485,0.988,"ns","Simpson_evenness"
"272","AA","RGF1","RGF3",0,-0.25284129083352,-0.838014928471805,0.332332346804766,0.856,"ns","Simpson_evenness"
"273","AA","RGF1","RGF4",0,0.0192553143339512,-0.565918323304334,0.604428951972237,1,"ns","Simpson_evenness"
"274","AA","RGF1","RGF5",0,-0.00493815096366845,-0.590111788601954,0.580235486674617,1,"ns","Simpson_evenness"
"275","AA","RGF1","RGF6",0,-0.0834470043311247,-0.66862064196941,0.501726633307161,1,"ns","Simpson_evenness"
"276","AA","RGF1","RGF7",0,-0.25754266063453,-0.842716298272816,0.327630977003755,0.843,"ns","Simpson_evenness"
"277","AA","RGF1B_1L_Matrix","RGF1B_Matrix",0,-0.0583196482353955,-0.643493285873681,0.52685398940289,1,"ns","Simpson_evenness"
"278","AA","RGF1B_1L_Matrix","RGF1B_Water",0,-0.0382303661646701,-0.623404003802956,0.546943271473616,1,"ns","Simpson_evenness"
"279","AA","RGF1B_1L_Matrix","RGF2",0,-0.0652248815094387,-0.650398519147724,0.519948756128847,1,"ns","Simpson_evenness"
"280","AA","RGF1B_1L_Matrix","RGF3",0,-0.146920922754157,-0.732094560392443,0.438252714884128,0.997,"ns","Simpson_evenness"
"281","AA","RGF1B_1L_Matrix","RGF4",0,0.125175682413313,-0.459997955224972,0.710349320051599,0.999,"ns","Simpson_evenness"
"282","AA","RGF1B_1L_Matrix","RGF5",0,0.100982217115694,-0.484191420522592,0.686155854753979,1,"ns","Simpson_evenness"
"283","AA","RGF1B_1L_Matrix","RGF6",0,0.0224733637482374,-0.562700273890048,0.607647001386523,1,"ns","Simpson_evenness"
"284","AA","RGF1B_1L_Matrix","RGF7",0,-0.151622292555168,-0.736795930193454,0.433551345083118,0.996,"ns","Simpson_evenness"
"285","AA","RGF1B_Matrix","RGF1B_Water",0,0.0200892820707254,-0.56508435556756,0.605262919709011,1,"ns","Simpson_evenness"
"286","AA","RGF1B_Matrix","RGF2",0,-0.00690523327404319,-0.592078870912329,0.578268404364243,1,"ns","Simpson_evenness"
"287","AA","RGF1B_Matrix","RGF3",0,-0.0886012745187619,-0.673774912157048,0.496572363119524,1,"ns","Simpson_evenness"
"288","AA","RGF1B_Matrix","RGF4",0,0.183495330648709,-0.401678306989577,0.768668968286994,0.98,"ns","Simpson_evenness"
"289","AA","RGF1B_Matrix","RGF5",0,0.159301865351089,-0.425871772287196,0.744475502989375,0.993,"ns","Simpson_evenness"
"290","AA","RGF1B_Matrix","RGF6",0,0.0807930119836329,-0.504380625654653,0.665966649621919,1,"ns","Simpson_evenness"
"291","AA","RGF1B_Matrix","RGF7",0,-0.0933026443197725,-0.678476281958058,0.491870993318513,1,"ns","Simpson_evenness"
"292","AA","RGF1B_Water","RGF2",0,-0.0269945153447686,-0.612168152983054,0.558179122293517,1,"ns","Simpson_evenness"
"293","AA","RGF1B_Water","RGF3",0,-0.108690556589487,-0.693864194227773,0.476483081048798,1,"ns","Simpson_evenness"
"294","AA","RGF1B_Water","RGF4",0,0.163406048577983,-0.421767589060302,0.748579686216269,0.992,"ns","Simpson_evenness"
"295","AA","RGF1B_Water","RGF5",0,0.139212583280364,-0.445961054357922,0.724386220918649,0.998,"ns","Simpson_evenness"
"296","AA","RGF1B_Water","RGF6",0,0.0607037299129075,-0.524469907725378,0.645877367551193,1,"ns","Simpson_evenness"
"297","AA","RGF1B_Water","RGF7",0,-0.113391926390498,-0.698565564028784,0.471781711247788,1,"ns","Simpson_evenness"
"298","AA","RGF2","RGF3",0,-0.0816960412447187,-0.666869678883004,0.503477596393567,1,"ns","Simpson_evenness"
"299","AA","RGF2","RGF4",0,0.190400563922752,-0.394773073715534,0.775574201561038,0.974,"ns","Simpson_evenness"
"300","AA","RGF2","RGF5",0,0.166207098625132,-0.418966539013153,0.751380736263418,0.991,"ns","Simpson_evenness"
"301","AA","RGF2","RGF6",0,0.0876982452576761,-0.49747539238061,0.672871882895962,1,"ns","Simpson_evenness"
"302","AA","RGF2","RGF7",0,-0.0863974110457293,-0.671571048684015,0.498776226592556,1,"ns","Simpson_evenness"
"303","AA","RGF3","RGF4",0,0.272096605167471,-0.313077032470815,0.857270242805756,0.797,"ns","Simpson_evenness"
"304","AA","RGF3","RGF5",0,0.247903139869851,-0.337270497768435,0.833076777508137,0.87,"ns","Simpson_evenness"
"305","AA","RGF3","RGF6",0,0.169394286502395,-0.415779351135891,0.754567924140681,0.989,"ns","Simpson_evenness"
"306","AA","RGF3","RGF7",0,-0.0047013698010106,-0.589875007439296,0.580472267837275,1,"ns","Simpson_evenness"
"307","AA","RGF4","RGF5",0,-0.0241934652976197,-0.609367102935905,0.560980172340666,1,"ns","Simpson_evenness"
"308","AA","RGF4","RGF6",0,-0.102702318665076,-0.687875956303362,0.48247131897321,1,"ns","Simpson_evenness"
"309","AA","RGF4","RGF7",0,-0.276797974968481,-0.861971612606767,0.308375662669804,0.781,"ns","Simpson_evenness"
"310","AA","RGF5","RGF6",0,-0.0785088533674563,-0.663682491005742,0.506664784270829,1,"ns","Simpson_evenness"
"311","AA","RGF5","RGF7",0,-0.252604509670862,-0.837778147309147,0.332569127967424,0.857,"ns","Simpson_evenness"
"312","AA","RGF6","RGF7",0,-0.174095656303405,-0.759269293941691,0.41107798133488,0.987,"ns","Simpson_evenness"
"313","AA","Clarified_Outlet","DAF_Sludge",0,231,116.336585160123,345.663414839877,0.000103,"***","Richness"
"314","AA","Clarified_Outlet","Raw_Water",0,136,21.3365851601231,250.663414839877,0.0147,"*","Richness"
"315","AA","Clarified_Outlet","RGF1",0,196,81.3365851601231,310.663414839877,0.000562,"***","Richness"
"316","AA","Clarified_Outlet","RGF1B_1L_Matrix",0,175.5,60.8365851601231,290.163414839877,0.00164,"**","Richness"
"317","AA","Clarified_Outlet","RGF1B_Matrix",0,165,50.3365851601231,279.663414839877,0.00289,"**","Richness"
"318","AA","Clarified_Outlet","RGF1B_Water",0,309,194.336585160123,423.663414839877,3.96e-06,"****","Richness"
"319","AA","Clarified_Outlet","RGF2",0,237.5,122.836585160123,352.163414839877,7.63e-05,"****","Richness"
"320","AA","Clarified_Outlet","RGF3",0,181,66.3365851601231,295.663414839877,0.00122,"**","Richness"
"321","AA","Clarified_Outlet","RGF4",0,178.5,63.8365851601231,293.163414839877,0.0014,"**","Richness"
"322","AA","Clarified_Outlet","RGF5",0,214,99.3365851601231,328.663414839877,0.00023,"***","Richness"
"323","AA","Clarified_Outlet","RGF6",0,220.5,105.836585160123,335.163414839877,0.000168,"***","Richness"
"324","AA","Clarified_Outlet","RGF7",0,219.5,104.836585160123,334.163414839877,0.000176,"***","Richness"
"325","AA","DAF_Sludge","Raw_Water",0,-95,-209.663414839877,19.6634148398769,0.148,"ns","Richness"
"326","AA","DAF_Sludge","RGF1",0,-35,-149.663414839877,79.6634148398769,0.984,"ns","Richness"
"327","AA","DAF_Sludge","RGF1B_1L_Matrix",0,-55.4999999999999,-170.163414839877,59.163414839877,0.758,"ns","Richness"
"328","AA","DAF_Sludge","RGF1B_Matrix",0,-65.9999999999999,-180.663414839877,48.663414839877,0.556,"ns","Richness"
"329","AA","DAF_Sludge","RGF1B_Water",0,77.9999999999998,-36.6634148398771,192.663414839877,0.343,"ns","Richness"
"330","AA","DAF_Sludge","RGF2",0,6.50000000000006,-108.163414839877,121.163414839877,1,"ns","Richness"
"331","AA","DAF_Sludge","RGF3",0,-49.9999999999999,-164.663414839877,64.663414839877,0.85,"ns","Richness"
"332","AA","DAF_Sludge","RGF4",0,-52.5,-167.163414839877,62.1634148398769,0.81,"ns","Richness"
"333","AA","DAF_Sludge","RGF5",0,-16.9999999999999,-131.663414839877,97.663414839877,1,"ns","Richness"
"334","AA","DAF_Sludge","RGF6",0,-10.5,-125.163414839877,104.163414839877,1,"ns","Richness"
"335","AA","DAF_Sludge","RGF7",0,-11.5,-126.163414839877,103.163414839877,1,"ns","Richness"
"336","AA","Raw_Water","RGF1",0,60,-54.6634148398769,174.663414839877,0.674,"ns","Richness"
"337","AA","Raw_Water","RGF1B_1L_Matrix",0,39.5000000000001,-75.1634148398769,154.163414839877,0.962,"ns","Richness"
"338","AA","Raw_Water","RGF1B_Matrix",0,29.0000000000001,-85.6634148398769,143.663414839877,0.996,"ns","Richness"
"339","AA","Raw_Water","RGF1B_Water",0,173,58.3365851601229,287.663414839877,0.00187,"**","Richness"
"340","AA","Raw_Water","RGF2",0,101.5,-13.1634148398769,216.163414839877,0.104,"ns","Richness"
"341","AA","Raw_Water","RGF3",0,45.0000000000001,-69.6634148398769,159.663414839877,0.914,"ns","Richness"
"342","AA","Raw_Water","RGF4",0,42.5,-72.1634148398769,157.163414839877,0.939,"ns","Richness"
"343","AA","Raw_Water","RGF5",0,78.0000000000001,-36.6634148398769,192.663414839877,0.343,"ns","Richness"
"344","AA","Raw_Water","RGF6",0,84.5,-30.1634148398769,199.163414839877,0.253,"ns","Richness"
"345","AA","Raw_Water","RGF7",0,83.5,-31.1634148398769,198.163414839877,0.266,"ns","Richness"
"346","AA","RGF1","RGF1B_1L_Matrix",0,-20.4999999999999,-135.163414839877,94.163414839877,1,"ns","Richness"
"347","AA","RGF1","RGF1B_Matrix",0,-30.9999999999999,-145.663414839877,83.663414839877,0.994,"ns","Richness"
"348","AA","RGF1","RGF1B_Water",0,113,-1.66341483987709,227.663414839877,0.055,"ns","Richness"
"349","AA","RGF1","RGF2",0,41.5000000000001,-73.1634148398769,156.163414839877,0.947,"ns","Richness"
"350","AA","RGF1","RGF3",0,-14.9999999999999,-129.663414839877,99.663414839877,1,"ns","Richness"
"351","AA","RGF1","RGF4",0,-17.5,-132.163414839877,97.1634148398769,1,"ns","Richness"
"352","AA","RGF1","RGF5",0,18.0000000000001,-96.6634148398769,132.663414839877,1,"ns","Richness"
"353","AA","RGF1","RGF6",0,24.5,-90.1634148398769,139.163414839877,0.999,"ns","Richness"
"354","AA","RGF1","RGF7",0,23.5,-91.1634148398769,138.163414839877,0.999,"ns","Richness"
"355","AA","RGF1B_1L_Matrix","RGF1B_Matrix",0,-10.5,-125.163414839877,104.163414839877,1,"ns","Richness"
"356","AA","RGF1B_1L_Matrix","RGF1B_Water",0,133.5,18.8365851601229,248.163414839877,0.017,"*","Richness"
"357","AA","RGF1B_1L_Matrix","RGF2",0,62,-52.6634148398769,176.663414839877,0.634,"ns","Richness"
"358","AA","RGF1B_1L_Matrix","RGF3",0,5.5,-109.163414839877,120.163414839877,1,"ns","Richness"
"359","AA","RGF1B_1L_Matrix","RGF4",0,2.99999999999994,-111.663414839877,117.663414839877,1,"ns","Richness"
"360","AA","RGF1B_1L_Matrix","RGF5",0,38.5,-76.1634148398769,153.163414839877,0.968,"ns","Richness"
"361","AA","RGF1B_1L_Matrix","RGF6",0,44.9999999999999,-69.663414839877,159.663414839877,0.914,"ns","Richness"
"362","AA","RGF1B_1L_Matrix","RGF7",0,43.9999999999999,-70.663414839877,158.663414839877,0.925,"ns","Richness"
"363","AA","RGF1B_Matrix","RGF1B_Water",0,144,29.3365851601229,258.663414839877,0.00934,"**","Richness"
"364","AA","RGF1B_Matrix","RGF2",0,72.5,-42.1634148398769,187.163414839877,0.434,"ns","Richness"
"365","AA","RGF1B_Matrix","RGF3",0,16,-98.6634148398769,130.663414839877,1,"ns","Richness"
"366","AA","RGF1B_Matrix","RGF4",0,13.4999999999999,-101.163414839877,128.163414839877,1,"ns","Richness"
"367","AA","RGF1B_Matrix","RGF5",0,49,-65.6634148398769,163.663414839877,0.864,"ns","Richness"
"368","AA","RGF1B_Matrix","RGF6",0,55.4999999999999,-59.163414839877,170.163414839877,0.758,"ns","Richness"
"369","AA","RGF1B_Matrix","RGF7",0,54.4999999999999,-60.163414839877,169.163414839877,0.776,"ns","Richness"
"370","AA","RGF1B_Water","RGF2",0,-71.4999999999998,-186.163414839877,43.1634148398771,0.452,"ns","Richness"
"371","AA","RGF1B_Water","RGF3",0,-128,-242.663414839877,-13.3365851601229,0.0233,"*","Richness"
"372","AA","RGF1B_Water","RGF4",0,-130.5,-245.163414839877,-15.8365851601229,0.0202,"*","Richness"
"373","AA","RGF1B_Water","RGF5",0,-94.9999999999998,-209.663414839877,19.6634148398771,0.148,"ns","Richness"
"374","AA","RGF1B_Water","RGF6",0,-88.4999999999998,-203.163414839877,26.1634148398771,0.208,"ns","Richness"
"375","AA","RGF1B_Water","RGF7",0,-89.4999999999998,-204.163414839877,25.1634148398771,0.197,"ns","Richness"
"376","AA","RGF2","RGF3",0,-56.5,-171.163414839877,58.1634148398769,0.74,"ns","Richness"
"377","AA","RGF2","RGF4",0,-59.0000000000001,-173.663414839877,55.6634148398769,0.693,"ns","Richness"
"378","AA","RGF2","RGF5",0,-23.5,-138.163414839877,91.1634148398769,0.999,"ns","Richness"
"379","AA","RGF2","RGF6",0,-17.0000000000001,-131.663414839877,97.6634148398769,1,"ns","Richness"
"380","AA","RGF2","RGF7",0,-18.0000000000001,-132.663414839877,96.6634148398769,1,"ns","Richness"
"381","AA","RGF3","RGF4",0,-2.50000000000006,-117.163414839877,112.163414839877,1,"ns","Richness"
"382","AA","RGF3","RGF5",0,33,-81.6634148398769,147.663414839877,0.99,"ns","Richness"
"383","AA","RGF3","RGF6",0,39.4999999999999,-75.163414839877,154.163414839877,0.962,"ns","Richness"
"384","AA","RGF3","RGF7",0,38.4999999999999,-76.163414839877,153.163414839877,0.968,"ns","Richness"
"385","AA","RGF4","RGF5",0,35.5000000000001,-79.1634148398769,150.163414839877,0.982,"ns","Richness"
"386","AA","RGF4","RGF6",0,42,-72.6634148398769,156.663414839877,0.943,"ns","Richness"
"387","AA","RGF4","RGF7",0,41,-73.6634148398769,155.663414839877,0.951,"ns","Richness"
"388","AA","RGF5","RGF6",0,6.49999999999994,-108.163414839877,121.163414839877,1,"ns","Richness"
"389","AA","RGF5","RGF7",0,5.49999999999994,-109.163414839877,120.163414839877,1,"ns","Richness"
"390","AA","RGF6","RGF7",0,-1,-115.663414839877,113.663414839877,1,"ns","Richness"
"391","AA","Clarified_Outlet","DAF_Sludge",0,231,116.336585160123,345.663414839877,0.000103,"***","Chao1"
"392","AA","Clarified_Outlet","Raw_Water",0,136,21.3365851601231,250.663414839877,0.0147,"*","Chao1"
"393","AA","Clarified_Outlet","RGF1",0,196,81.3365851601231,310.663414839877,0.000562,"***","Chao1"
"394","AA","Clarified_Outlet","RGF1B_1L_Matrix",0,175.5,60.8365851601231,290.163414839877,0.00164,"**","Chao1"
"395","AA","Clarified_Outlet","RGF1B_Matrix",0,165,50.3365851601231,279.663414839877,0.00289,"**","Chao1"
"396","AA","Clarified_Outlet","RGF1B_Water",0,309,194.336585160123,423.663414839877,3.96e-06,"****","Chao1"
"397","AA","Clarified_Outlet","RGF2",0,237.5,122.836585160123,352.163414839877,7.63e-05,"****","Chao1"
"398","AA","Clarified_Outlet","RGF3",0,181,66.3365851601231,295.663414839877,0.00122,"**","Chao1"
"399","AA","Clarified_Outlet","RGF4",0,178.5,63.8365851601231,293.163414839877,0.0014,"**","Chao1"
"400","AA","Clarified_Outlet","RGF5",0,214,99.3365851601231,328.663414839877,0.00023,"***","Chao1"
"401","AA","Clarified_Outlet","RGF6",0,220.5,105.836585160123,335.163414839877,0.000168,"***","Chao1"
"402","AA","Clarified_Outlet","RGF7",0,219.5,104.836585160123,334.163414839877,0.000176,"***","Chao1"
"403","AA","DAF_Sludge","Raw_Water",0,-95,-209.663414839877,19.6634148398769,0.148,"ns","Chao1"
"404","AA","DAF_Sludge","RGF1",0,-35,-149.663414839877,79.6634148398769,0.984,"ns","Chao1"
"405","AA","DAF_Sludge","RGF1B_1L_Matrix",0,-55.4999999999999,-170.163414839877,59.163414839877,0.758,"ns","Chao1"
"406","AA","DAF_Sludge","RGF1B_Matrix",0,-65.9999999999999,-180.663414839877,48.663414839877,0.556,"ns","Chao1"
"407","AA","DAF_Sludge","RGF1B_Water",0,77.9999999999998,-36.6634148398771,192.663414839877,0.343,"ns","Chao1"
"408","AA","DAF_Sludge","RGF2",0,6.50000000000006,-108.163414839877,121.163414839877,1,"ns","Chao1"
"409","AA","DAF_Sludge","RGF3",0,-49.9999999999999,-164.663414839877,64.663414839877,0.85,"ns","Chao1"
"410","AA","DAF_Sludge","RGF4",0,-52.5,-167.163414839877,62.1634148398769,0.81,"ns","Chao1"
"411","AA","DAF_Sludge","RGF5",0,-16.9999999999999,-131.663414839877,97.663414839877,1,"ns","Chao1"
"412","AA","DAF_Sludge","RGF6",0,-10.5,-125.163414839877,104.163414839877,1,"ns","Chao1"
"413","AA","DAF_Sludge","RGF7",0,-11.5,-126.163414839877,103.163414839877,1,"ns","Chao1"
"414","AA","Raw_Water","RGF1",0,60,-54.6634148398769,174.663414839877,0.674,"ns","Chao1"
"415","AA","Raw_Water","RGF1B_1L_Matrix",0,39.5000000000001,-75.1634148398769,154.163414839877,0.962,"ns","Chao1"
"416","AA","Raw_Water","RGF1B_Matrix",0,29.0000000000001,-85.6634148398769,143.663414839877,0.996,"ns","Chao1"
"417","AA","Raw_Water","RGF1B_Water",0,173,58.3365851601229,287.663414839877,0.00187,"**","Chao1"
"418","AA","Raw_Water","RGF2",0,101.5,-13.1634148398769,216.163414839877,0.104,"ns","Chao1"
"419","AA","Raw_Water","RGF3",0,45.0000000000001,-69.6634148398769,159.663414839877,0.914,"ns","Chao1"
"420","AA","Raw_Water","RGF4",0,42.5,-72.1634148398769,157.163414839877,0.939,"ns","Chao1"
"421","AA","Raw_Water","RGF5",0,78.0000000000001,-36.6634148398769,192.663414839877,0.343,"ns","Chao1"
"422","AA","Raw_Water","RGF6",0,84.5,-30.1634148398769,199.163414839877,0.253,"ns","Chao1"
"423","AA","Raw_Water","RGF7",0,83.5,-31.1634148398769,198.163414839877,0.266,"ns","Chao1"
"424","AA","RGF1","RGF1B_1L_Matrix",0,-20.4999999999999,-135.163414839877,94.163414839877,1,"ns","Chao1"
"425","AA","RGF1","RGF1B_Matrix",0,-30.9999999999999,-145.663414839877,83.663414839877,0.994,"ns","Chao1"
"426","AA","RGF1","RGF1B_Water",0,113,-1.66341483987709,227.663414839877,0.055,"ns","Chao1"
"427","AA","RGF1","RGF2",0,41.5000000000001,-73.1634148398769,156.163414839877,0.947,"ns","Chao1"
"428","AA","RGF1","RGF3",0,-14.9999999999999,-129.663414839877,99.663414839877,1,"ns","Chao1"
"429","AA","RGF1","RGF4",0,-17.5,-132.163414839877,97.1634148398769,1,"ns","Chao1"
"430","AA","RGF1","RGF5",0,18.0000000000001,-96.6634148398769,132.663414839877,1,"ns","Chao1"
"431","AA","RGF1","RGF6",0,24.5,-90.1634148398769,139.163414839877,0.999,"ns","Chao1"
"432","AA","RGF1","RGF7",0,23.5,-91.1634148398769,138.163414839877,0.999,"ns","Chao1"
"433","AA","RGF1B_1L_Matrix","RGF1B_Matrix",0,-10.5,-125.163414839877,104.163414839877,1,"ns","Chao1"
"434","AA","RGF1B_1L_Matrix","RGF1B_Water",0,133.5,18.8365851601229,248.163414839877,0.017,"*","Chao1"
"435","AA","RGF1B_1L_Matrix","RGF2",0,62,-52.6634148398769,176.663414839877,0.634,"ns","Chao1"
"436","AA","RGF1B_1L_Matrix","RGF3",0,5.5,-109.163414839877,120.163414839877,1,"ns","Chao1"
"437","AA","RGF1B_1L_Matrix","RGF4",0,2.99999999999994,-111.663414839877,117.663414839877,1,"ns","Chao1"
"438","AA","RGF1B_1L_Matrix","RGF5",0,38.5,-76.1634148398769,153.163414839877,0.968,"ns","Chao1"
"439","AA","RGF1B_1L_Matrix","RGF6",0,44.9999999999999,-69.663414839877,159.663414839877,0.914,"ns","Chao1"
"440","AA","RGF1B_1L_Matrix","RGF7",0,43.9999999999999,-70.663414839877,158.663414839877,0.925,"ns","Chao1"
"441","AA","RGF1B_Matrix","RGF1B_Water",0,144,29.3365851601229,258.663414839877,0.00934,"**","Chao1"
"442","AA","RGF1B_Matrix","RGF2",0,72.5,-42.1634148398769,187.163414839877,0.434,"ns","Chao1"
"443","AA","RGF1B_Matrix","RGF3",0,16,-98.6634148398769,130.663414839877,1,"ns","Chao1"
"444","AA","RGF1B_Matrix","RGF4",0,13.4999999999999,-101.163414839877,128.163414839877,1,"ns","Chao1"
"445","AA","RGF1B_Matrix","RGF5",0,49,-65.6634148398769,163.663414839877,0.864,"ns","Chao1"
"446","AA","RGF1B_Matrix","RGF6",0,55.4999999999999,-59.163414839877,170.163414839877,0.758,"ns","Chao1"
"447","AA","RGF1B_Matrix","RGF7",0,54.4999999999999,-60.163414839877,169.163414839877,0.776,"ns","Chao1"
"448","AA","RGF1B_Water","RGF2",0,-71.4999999999998,-186.163414839877,43.1634148398771,0.452,"ns","Chao1"
"449","AA","RGF1B_Water","RGF3",0,-128,-242.663414839877,-13.3365851601229,0.0233,"*","Chao1"
"450","AA","RGF1B_Water","RGF4",0,-130.5,-245.163414839877,-15.8365851601229,0.0202,"*","Chao1"
"451","AA","RGF1B_Water","RGF5",0,-94.9999999999998,-209.663414839877,19.6634148398771,0.148,"ns","Chao1"
"452","AA","RGF1B_Water","RGF6",0,-88.4999999999998,-203.163414839877,26.1634148398771,0.208,"ns","Chao1"
"453","AA","RGF1B_Water","RGF7",0,-89.4999999999998,-204.163414839877,25.1634148398771,0.197,"ns","Chao1"
"454","AA","RGF2","RGF3",0,-56.5,-171.163414839877,58.1634148398769,0.74,"ns","Chao1"
"455","AA","RGF2","RGF4",0,-59.0000000000001,-173.663414839877,55.6634148398769,0.693,"ns","Chao1"
"456","AA","RGF2","RGF5",0,-23.5,-138.163414839877,91.1634148398769,0.999,"ns","Chao1"
"457","AA","RGF2","RGF6",0,-17.0000000000001,-131.663414839877,97.6634148398769,1,"ns","Chao1"
"458","AA","RGF2","RGF7",0,-18.0000000000001,-132.663414839877,96.6634148398769,1,"ns","Chao1"
"459","AA","RGF3","RGF4",0,-2.50000000000006,-117.163414839877,112.163414839877,1,"ns","Chao1"
"460","AA","RGF3","RGF5",0,33,-81.6634148398769,147.663414839877,0.99,"ns","Chao1"
"461","AA","RGF3","RGF6",0,39.4999999999999,-75.163414839877,154.163414839877,0.962,"ns","Chao1"
"462","AA","RGF3","RGF7",0,38.4999999999999,-76.163414839877,153.163414839877,0.968,"ns","Chao1"
"463","AA","RGF4","RGF5",0,35.5000000000001,-79.1634148398769,150.163414839877,0.982,"ns","Chao1"
"464","AA","RGF4","RGF6",0,42,-72.6634148398769,156.663414839877,0.943,"ns","Chao1"
"465","AA","RGF4","RGF7",0,41,-73.6634148398769,155.663414839877,0.951,"ns","Chao1"
"466","AA","RGF5","RGF6",0,6.49999999999994,-108.163414839877,121.163414839877,1,"ns","Chao1"
"467","AA","RGF5","RGF7",0,5.49999999999994,-109.163414839877,120.163414839877,1,"ns","Chao1"
"468","AA","RGF6","RGF7",0,-1,-115.663414839877,113.663414839877,1,"ns","Chao1"
"469","AA","Clarified_Outlet","DAF_Sludge",0,231,116.336585160123,345.663414839877,0.000103,"***","ACE"
"470","AA","Clarified_Outlet","Raw_Water",0,136,21.3365851601231,250.663414839877,0.0147,"*","ACE"
"471","AA","Clarified_Outlet","RGF1",0,196,81.3365851601231,310.663414839877,0.000562,"***","ACE"
"472","AA","Clarified_Outlet","RGF1B_1L_Matrix",0,175.5,60.8365851601231,290.163414839877,0.00164,"**","ACE"
"473","AA","Clarified_Outlet","RGF1B_Matrix",0,165,50.3365851601231,279.663414839877,0.00289,"**","ACE"
"474","AA","Clarified_Outlet","RGF1B_Water",0,309,194.336585160123,423.663414839877,3.96e-06,"****","ACE"
"475","AA","Clarified_Outlet","RGF2",0,237.5,122.836585160123,352.163414839877,7.63e-05,"****","ACE"
"476","AA","Clarified_Outlet","RGF3",0,181,66.3365851601231,295.663414839877,0.00122,"**","ACE"
"477","AA","Clarified_Outlet","RGF4",0,178.5,63.8365851601231,293.163414839877,0.0014,"**","ACE"
"478","AA","Clarified_Outlet","RGF5",0,214,99.3365851601231,328.663414839877,0.00023,"***","ACE"
"479","AA","Clarified_Outlet","RGF6",0,220.5,105.836585160123,335.163414839877,0.000168,"***","ACE"
"480","AA","Clarified_Outlet","RGF7",0,219.5,104.836585160123,334.163414839877,0.000176,"***","ACE"
"481","AA","DAF_Sludge","Raw_Water",0,-95,-209.663414839877,19.6634148398769,0.148,"ns","ACE"
"482","AA","DAF_Sludge","RGF1",0,-35,-149.663414839877,79.6634148398769,0.984,"ns","ACE"
"483","AA","DAF_Sludge","RGF1B_1L_Matrix",0,-55.4999999999999,-170.163414839877,59.163414839877,0.758,"ns","ACE"
"484","AA","DAF_Sludge","RGF1B_Matrix",0,-65.9999999999999,-180.663414839877,48.663414839877,0.556,"ns","ACE"
"485","AA","DAF_Sludge","RGF1B_Water",0,77.9999999999998,-36.6634148398771,192.663414839877,0.343,"ns","ACE"
"486","AA","DAF_Sludge","RGF2",0,6.50000000000006,-108.163414839877,121.163414839877,1,"ns","ACE"
"487","AA","DAF_Sludge","RGF3",0,-49.9999999999999,-164.663414839877,64.663414839877,0.85,"ns","ACE"
"488","AA","DAF_Sludge","RGF4",0,-52.5,-167.163414839877,62.1634148398769,0.81,"ns","ACE"
"489","AA","DAF_Sludge","RGF5",0,-16.9999999999999,-131.663414839877,97.663414839877,1,"ns","ACE"
"490","AA","DAF_Sludge","RGF6",0,-10.5,-125.163414839877,104.163414839877,1,"ns","ACE"
"491","AA","DAF_Sludge","RGF7",0,-11.5,-126.163414839877,103.163414839877,1,"ns","ACE"
"492","AA","Raw_Water","RGF1",0,60,-54.6634148398769,174.663414839877,0.674,"ns","ACE"
"493","AA","Raw_Water","RGF1B_1L_Matrix",0,39.5000000000001,-75.1634148398769,154.163414839877,0.962,"ns","ACE"
"494","AA","Raw_Water","RGF1B_Matrix",0,29.0000000000001,-85.6634148398769,143.663414839877,0.996,"ns","ACE"
"495","AA","Raw_Water","RGF1B_Water",0,173,58.3365851601229,287.663414839877,0.00187,"**","ACE"
"496","AA","Raw_Water","RGF2",0,101.5,-13.1634148398769,216.163414839877,0.104,"ns","ACE"
"497","AA","Raw_Water","RGF3",0,45.0000000000001,-69.6634148398769,159.663414839877,0.914,"ns","ACE"
"498","AA","Raw_Water","RGF4",0,42.5,-72.1634148398769,157.163414839877,0.939,"ns","ACE"
"499","AA","Raw_Water","RGF5",0,78.0000000000001,-36.6634148398769,192.663414839877,0.343,"ns","ACE"
"500","AA","Raw_Water","RGF6",0,84.5,-30.1634148398769,199.163414839877,0.253,"ns","ACE"
"501","AA","Raw_Water","RGF7",0,83.5,-31.1634148398769,198.163414839877,0.266,"ns","ACE"
"502","AA","RGF1","RGF1B_1L_Matrix",0,-20.4999999999999,-135.163414839877,94.163414839877,1,"ns","ACE"
"503","AA","RGF1","RGF1B_Matrix",0,-30.9999999999999,-145.663414839877,83.663414839877,0.994,"ns","ACE"
"504","AA","RGF1","RGF1B_Water",0,113,-1.66341483987709,227.663414839877,0.055,"ns","ACE"
"505","AA","RGF1","RGF2",0,41.5000000000001,-73.1634148398769,156.163414839877,0.947,"ns","ACE"
"506","AA","RGF1","RGF3",0,-14.9999999999999,-129.663414839877,99.663414839877,1,"ns","ACE"
"507","AA","RGF1","RGF4",0,-17.5,-132.163414839877,97.1634148398769,1,"ns","ACE"
"508","AA","RGF1","RGF5",0,18.0000000000001,-96.6634148398769,132.663414839877,1,"ns","ACE"
"509","AA","RGF1","RGF6",0,24.5,-90.1634148398769,139.163414839877,0.999,"ns","ACE"
"510","AA","RGF1","RGF7",0,23.5,-91.1634148398769,138.163414839877,0.999,"ns","ACE"
"511","AA","RGF1B_1L_Matrix","RGF1B_Matrix",0,-10.5,-125.163414839877,104.163414839877,1,"ns","ACE"
"512","AA","RGF1B_1L_Matrix","RGF1B_Water",0,133.5,18.8365851601229,248.163414839877,0.017,"*","ACE"
"513","AA","RGF1B_1L_Matrix","RGF2",0,62,-52.6634148398769,176.663414839877,0.634,"ns","ACE"
"514","AA","RGF1B_1L_Matrix","RGF3",0,5.5,-109.163414839877,120.163414839877,1,"ns","ACE"
"515","AA","RGF1B_1L_Matrix","RGF4",0,2.99999999999994,-111.663414839877,117.663414839877,1,"ns","ACE"
"516","AA","RGF1B_1L_Matrix","RGF5",0,38.5,-76.1634148398769,153.163414839877,0.968,"ns","ACE"
"517","AA","RGF1B_1L_Matrix","RGF6",0,44.9999999999999,-69.663414839877,159.663414839877,0.914,"ns","ACE"
"518","AA","RGF1B_1L_Matrix","RGF7",0,43.9999999999999,-70.663414839877,158.663414839877,0.925,"ns","ACE"
"519","AA","RGF1B_Matrix","RGF1B_Water",0,144,29.3365851601229,258.663414839877,0.00934,"**","ACE"
"520","AA","RGF1B_Matrix","RGF2",0,72.5,-42.1634148398769,187.163414839877,0.434,"ns","ACE"
"521","AA","RGF1B_Matrix","RGF3",0,16,-98.6634148398769,130.663414839877,1,"ns","ACE"
"522","AA","RGF1B_Matrix","RGF4",0,13.4999999999999,-101.163414839877,128.163414839877,1,"ns","ACE"
"523","AA","RGF1B_Matrix","RGF5",0,49,-65.6634148398769,163.663414839877,0.864,"ns","ACE"
"524","AA","RGF1B_Matrix","RGF6",0,55.4999999999999,-59.163414839877,170.163414839877,0.758,"ns","ACE"
"525","AA","RGF1B_Matrix","RGF7",0,54.4999999999999,-60.163414839877,169.163414839877,0.776,"ns","ACE"
"526","AA","RGF1B_Water","RGF2",0,-71.4999999999998,-186.163414839877,43.1634148398771,0.452,"ns","ACE"
"527","AA","RGF1B_Water","RGF3",0,-128,-242.663414839877,-13.3365851601229,0.0233,"*","ACE"
"528","AA","RGF1B_Water","RGF4",0,-130.5,-245.163414839877,-15.8365851601229,0.0202,"*","ACE"
"529","AA","RGF1B_Water","RGF5",0,-94.9999999999998,-209.663414839877,19.6634148398771,0.148,"ns","ACE"
"530","AA","RGF1B_Water","RGF6",0,-88.4999999999998,-203.163414839877,26.1634148398771,0.208,"ns","ACE"
"531","AA","RGF1B_Water","RGF7",0,-89.4999999999998,-204.163414839877,25.1634148398771,0.197,"ns","ACE"
"532","AA","RGF2","RGF3",0,-56.5,-171.163414839877,58.1634148398769,0.74,"ns","ACE"
"533","AA","RGF2","RGF4",0,-59.0000000000001,-173.663414839877,55.6634148398769,0.693,"ns","ACE"
"534","AA","RGF2","RGF5",0,-23.5,-138.163414839877,91.1634148398769,0.999,"ns","ACE"
"535","AA","RGF2","RGF6",0,-17.0000000000001,-131.663414839877,97.6634148398769,1,"ns","ACE"
"536","AA","RGF2","RGF7",0,-18.0000000000001,-132.663414839877,96.6634148398769,1,"ns","ACE"
"537","AA","RGF3","RGF4",0,-2.50000000000006,-117.163414839877,112.163414839877,1,"ns","ACE"
"538","AA","RGF3","RGF5",0,33,-81.6634148398769,147.663414839877,0.99,"ns","ACE"
"539","AA","RGF3","RGF6",0,39.4999999999999,-75.163414839877,154.163414839877,0.962,"ns","ACE"
"540","AA","RGF3","RGF7",0,38.4999999999999,-76.163414839877,153.163414839877,0.968,"ns","ACE"
"541","AA","RGF4","RGF5",0,35.5000000000001,-79.1634148398769,150.163414839877,0.982,"ns","ACE"
"542","AA","RGF4","RGF6",0,42,-72.6634148398769,156.663414839877,0.943,"ns","ACE"
"543","AA","RGF4","RGF7",0,41,-73.6634148398769,155.663414839877,0.951,"ns","ACE"
"544","AA","RGF5","RGF6",0,6.49999999999994,-108.163414839877,121.163414839877,1,"ns","ACE"
"545","AA","RGF5","RGF7",0,5.49999999999994,-109.163414839877,120.163414839877,1,"ns","ACE"
"546","AA","RGF6","RGF7",0,-1,-115.663414839877,113.663414839877,1,"ns","ACE"
